id,位置,号码,姓名,英文名,国家,俱乐部,年龄,生日,身高,体重,惯用脚,综合能力,速度,力量,防守,盘带,传球,射门
50384931,前锋,20,王子铭,Wang Ziming,中国,北京中赫国安,23,1996/8/5,187,76,右脚,,,,,,,
50211973,前锋,29,巴顿,Ba Dun,中国,北京中赫国安,24,1995/9/16,181,72,右脚,60,77,62,40,60,53,55
50089342,前锋,17,巴坎布,C. Bakambu,刚果民主共和国,北京中赫国安,28,1991/4/11,182,73,右脚,82,90,76,36,78,72,80
50490646,前锋,39,文达(U21),Wen Da,中国,北京中赫国安,20,1999/10/25,185,73,右脚,,,,,,,
50235289,前锋,9,张玉宁(U23),Zhang Yuning,中国,北京中赫国安,23,1997/1/5,185,86,左右脚,,,,,,,
50025390,前锋,~,阿兰,Alan,巴西,北京中赫国安,30,1989/7/10,182,75,右脚,78,83,71,33,82,68,75
50097779,中场,21,比埃拉,Jonathan Viera,西班牙,北京中赫国安,30,1989/10/21,171,66,右脚,81,80,69,61,83,80,75
50080858,中场,10,张稀哲,Zhang Xizhe,中国,北京中赫国安,29,1991/1/23,180,69,右脚,70,70,60,48,70,68,63
50107446,中场,8,朴成,Piao Cheng,中国,北京中赫国安,30,1989/8/21,176,69,右脚,68,72,67,60,66,66,61
50235320,中场,6,池忠国,Chi Zhongguo,中国,北京中赫国安,30,1989/10/26,174,65,右脚,,,,,,,
50134231,中场,23,李可,Yennaris Nico,中国,北京中赫国安,26,1993/5/23,170,70,右脚,68,72,68,67,66,66,63
50440311,中场,32,刘国博(U21),Liu Guobo,中国,北京中赫国安,20,1999/11/27,189,65,右脚,,,,,,,
50057649,中场,11,费尔南多,Fernando,巴西,北京中赫国安,28,1992/3/3,175,80,右脚,79,75,76,75,73,77,67
50017898,中场,26,吕鹏,Lyu Peng,中国,北京中赫国安,30,1989/10/28,182,76,右脚,60,62,62,62,58,53,43
50214942,中场,7,侯永永(U23),Hou Yongyong,中国,北京中赫国安,22,1998/1/13,180,74,右脚,61,56,44,45,64,60,47
50149181,中场,57,胡延强,Hu Yanqiang,中国,北京中赫国安,27,1993/3/20,178,63,右脚,62,84,60,41,61,55,59
50081986,后卫,4,李磊,Li Lei,中国,北京中赫国安,27,1992/5/30,183,66,左脚,67,73,69,66,62,65,43
50078481,后卫,28,姜涛,Jiang Tao,中国,北京中赫国安,30,1989/6/29,182,76,右脚,61,61,70,58,58,61,38
50388277,后卫,24,杨帆,Yang Fan,中国,北京中赫国安,24,1996/3/28,185,72,右脚,,,,,,,
50508012,后卫,31,梁少文(U21),Liang Shaowen,中国,北京中赫国安,17,2002/6/12,,,左脚,,,,,,,
50021295,后卫,3,于洋,Yu Yang,中国,北京中赫国安,30,1989/8/6,183,72,右脚,65,63,71,63,48,45,25
50082012,后卫,16,晋鹏翔,Jin Pengxiang,中国,北京中赫国安,30,1990/1/25,187,77,右脚,61,63,69,58,56,52,35
50081967,后卫,18,金泰延,Jin Taiyan,中国,北京中赫国安,30,1989/8/21,173,62,左右脚,64,72,64,61,61,58,38
50280322,后卫,2,金玟哉,Kim Min-Jae,韩国,北京中赫国安,23,1996/11/15,190,86,右脚,74,70,77,72,60,57,32
50021298,门将,1,侯森,Hou Sen,中国,北京中赫国安,30,1989/6/30,188,81,右脚,60,58,62,45,62,56,53
50490645,门将,33, 马昆越(U21),Ma Kunyue,中国,北京中赫国安,18,2001/4/27,190,75,右脚,,,,,,,
50385717,门将,25,郭全博(U23),Guo Quanbo,中国,北京中赫国安,22,1997/8/31,185,80,右脚,,,,,,,
50149376,门将,14,邹德海,Zou Dehai,中国,北京中赫国安,27,1993/2/27,187,73,右脚,65,62,65,45,67,60,64
50388180,前锋,58,温天鹏(U23),Wen Tianpeng,中国,重庆当代,22,1997/6/9,178,77,右脚,,,,,,,
50385200,前锋,18,董洪麟,Dong Honglin,中国,重庆当代,24,1996/1/15,180,70,右脚,,,,,,,
50233434,前锋,22,马尔西尼奥,Marcinho,巴西,重庆当代,24,1995/5/16,173,66,右脚,65,76,56,31,70,53,64
50057109,前锋,~,马塞洛-西里诺,Marcelo Cirino,巴西,重庆当代,28,1992/1/22,182,74,右脚,,,,,,,
50082032,中场,16,王维成,Wang Weicheng,中国,重庆当代,28,1991/9/2,180,65,,,,,,,,
50060459,中场,~,陈杰,Chen Jie,中国,重庆当代,30,1989/10/15,178,76,,57,60,71,59,59,52,44
50490594,中场,39,赵博源(U21),Zhao Boyuan,中国,重庆当代,21,1999/1/18,177,68,右脚,,,,,,,
50490589,中场,34,黄家濠(U21),Huang Jiahao,中国,重庆当代,20,1999/9/12,175,70,右脚,,,,,,,
50264402,中场,13,尹聪耀(U23),Yin Congyao,中国,重庆当代,23,1997/3/4,182,73,右脚,52,65,61,41,50,54,42
50235313,中场,7,冯劲,Feng Jin,中国,重庆当代,26,1993/8/14,175,70,右脚,,,,,,,
50385152,后卫,4,罗皓,Luo Hao,中国,重庆当代,25,1995/1/17,186,75,左右脚,,,,,,,
50177145,后卫,2,李放,Li Fang,中国,重庆当代,27,1993/1/27,175,72,右脚,,,,,,,
50082013,后卫,19,唐佳庶,Tang Jiashu,中国,重庆当代,29,1990/9/22,183,75,右脚,62,68,69,62,48,48,34
50490543,后卫,15,徐武,Xu Wu,中国,重庆当代,27,1993/3/9,184,78,,,,,,,,
50405450,后卫,33,迪力穆拉提(U23),Mawlanyaz Dilmurat,中国,重庆当代,21,1998/4/8,171,73,右脚,51,76,46,41,55,50,49
50385729,后卫,3,杨帅(U23),Yang Shuai,中国,重庆当代,23,1997/1/28,180,86,右脚,,,,,,,
50385625,后卫,26,元敏诚,Yuan Mincheng,中国,重庆当代,24,1995/8/8,187,72,右脚,,,,,,,
50385230,后卫,36,刘斌(U23),Liu Bin,中国,重庆当代,21,1998/5/2,180,70,左脚,,,,,,,
50433677,门将,21,王梓翔(U23),Wang Zixiang,中国,重庆当代,22,1998/2/27,188,78,右脚,,,,,,,
50257810,门将,12,王敏,Wang Min,中国,重庆当代,25,1995/1/12,193,85,右脚,,,,,,,
50214489,门将,1,叶尔杰提-叶尔扎提,Yeerjieti Yeerzati,中国,重庆当代,27,1993/1/4,180,73,左脚,61,63,58,50,60,64,57
50473309,前锋,~,陶强龙(U21),Tao Qianglong,中国,大连人,18,2001/11/20,172,65,右脚,52,68,53,16,57,41,49
50257714,前锋,15,单欢欢(U21),Shan Huanhuan,中国,大连人,21,1999/1/24,185,63,右脚,48,58,49,30,49,35,43
50251474,前锋,~,林良铭(U23),Lin Liangming,中国,大连人,22,1997/6/4,180,73,右脚,,,,,,,
50219750,前锋,21,博阿滕,E. Boateng,加纳,大连人,23,1996/5/23,175,70,右脚,77,91,76,40,75,58,74
50090898,前锋,~,萨姆-拉尔森,S. Larsson,瑞典,大连人,26,1993/4/10,180,70,右脚,,,,,,,
50042211,前锋,9,龙东,S. Rondón,委内瑞拉,大连人,30,1989/9/16,186,86,右脚,78,69,81,32,71,66,76
50118736,中场,11,孙国文,Sun Guowen,中国,大连人,26,1993/9/30,182,73,右脚,57,75,60,46,56,52,44
50445002,中场,~,王振澳(U21),Wang Zhen'ao,中国,大连人,20,1999/8/10,,,,,,,,,,
50118739,中场,~,刘映辰,Liu Yingchen,中国,大连人,27,1993/1/15,184,74,,58,73,72,48,59,49,39
50434640,中场,27,程辉(U23),Cheng Hui,中国,大连人,22,1997/8/2,175,71,,,,,,,,
50257837,中场,~,吴伟(U23),Wu Wei,中国,大连人,23,1997/2/5,182,,,58,65,68,56,56,52,48
50212001,中场,20,汪晋贤,Wang Jinxian,中国,大连人,24,1996/1/12,175,70,右脚,61,73,65,52,60,55,48
50184190,中场,26,崔明安,Cui Ming'an,中国,大连人,25,1994/11/15,180,70,左右脚,56,62,65,55,47,49,36
50490696,中场,24,杨磊(U21),Yang Lei,中国,大连人,20,2000/2/22,186,65,左右脚,,,,,,,
50149458,中场,29,孙铂,Sun Bo,中国,大连人,29,1991/1/22,177,73,左右脚,61,83,63,44,61,56,56
50066955,后卫,~,丹尼尔森,M. Danielsson,瑞典,大连人,30,1989/4/8,192,80,,74,54,71,76,56,49,28
50020818,后卫,25,李建滨,Li Jianbin,中国,大连人,30,1989/4/19,184,74,右脚,63,69,75,60,42,40,22
50018076,后卫,~,王亮,Wang Liang,中国,大连人,30,1989/7/23,182,75,右脚,55,63,57,48,64,58,39
50490695,后卫,14,黄嘉辉(U21),Huang Jiahui,中国,大连人,19,2000/10/7,183,74,右脚,49,70,53,46,45,34,29
50474028,后卫,18,何宇鹏(U21),He Yupeng,中国,大连人,20,1999/12/5,182,69,右脚,52,70,53,47,52,47,41
50385195,后卫,4,李帅,Li Shuai,中国,大连人,24,1995/6/18,180,75,左脚,,,,,,,
50385073,后卫,22,董岩锋,Dong Yanfeng,中国,大连人,24,1996/2/11,182,75,右脚,,,,,,,
50257838,后卫,~,童磊(U23),Tong Lei,中国,大连人,22,1997/12/16,177,71,右脚,,,,,,,
50495064,后卫,36,周潇(U21),Zhou Xiao,中国,大连人,20,1999/5/17,,,,50,64,57,48,44,41,24
50184183,后卫,3,单鹏飞,Shan Pengfei,中国,大连人,26,1993/5/7,184,74,左右脚,60,70,69,57,53,45,32
50212004,后卫,13,王耀鹏,Wang Yaopeng,中国,大连人,25,1995/1/18,186,71,右脚,57,64,67,56,48,33,27
50405377,门将,~,薛庆浩(U21),Xue Qinghao,中国,大连人,19,2000/9/26,,,,,,,,,,
50517431,门将,32,李学博(U21),Li Xuebo,中国,大连人,20,1999/11/15,,,,,,,,,,
50212002,门将,23,陈俊林,Chen Junlin,中国,大连人,26,1993/5/5,184,75,右脚,53,52,47,41,65,47,45
50269914,前锋,17,杨立瑜(U23),Yang Liyu,中国,广州恒大淘宝,23,1997/2/13,179,78,右脚,65,77,66,43,64,61,55
50222265,前锋,7,韦世豪,Wei Shihao,中国,广州恒大淘宝,24,1995/4/8,178,65,右脚,68,79,62,36,70,65,68
50082222,前锋,19,费南多,Fernandinho Concei?ao,中国,广州恒大淘宝,27,1993/3/16,174,71,左脚,75,84,68,39,74,74,71
50050566,前锋,18,艾克森,Elkeson,中国,广州恒大淘宝,30,1989/7/13,181,83,右脚,79,82,78,48,79,73,80
50403941,前锋,~,王进泽(U21),Wang Jinze,中国,广州恒大淘宝,21,1999/3/15,188,75,,,,,,,,
50184160,中场,6,廖力生,Liao Lisheng,中国,广州恒大淘宝,26,1993/4/29,180,70,,65,67,64,64,63,62,59
50181005,中场,9,塔利斯卡,Talisca,巴西,广州恒大淘宝,26,1994/2/1,190,80,左脚,83,79,73,54,82,81,82
50384930,中场,33,钟义浩,Zhong Yihao,中国,广州恒大淘宝,24,1996/3/23,178,75,右脚,,,,,,,
50254045,中场,34,冯博轩(U23),Feng Boxuan,中国,广州恒大淘宝,23,1997/3/18,181,75,右脚,55,80,48,29,58,44,50
50228210,中场,22,唐诗,Tang Shi,中国,广州恒大淘宝,25,1995/1/24,176,63,左脚,61,83,57,30,60,55,56
50219797,中场,11,张修维,Zhang Xiuwei,中国,广州恒大淘宝,24,1996/3/13,174,63,右脚,62,77,65,61,62,57,54
50490693,中场,30,布格拉汗(U21),Bughrahan Skandar,中国,广州恒大淘宝,19,2000/8/11,178,66,,,,,,,,
50385691,中场,37,蔡明民(U21),Cai Mingmin,中国,广州恒大淘宝,19,2000/10/30,176,70,右脚,,,,,,,
50186208,中场,~,罗伯特-萧,R. Siucho,秘鲁,广州恒大淘宝,23,1997/2/7,170,65,左脚,,,,,,,
50409460,中场,15,严鼎皓(U23),Yan Dinghao,中国,广州恒大淘宝,21,1998/4/6,180,74,右脚,,,,,,,
50189686,中场,12,徐新,Xu Xin,中国,广州恒大淘宝,25,1994/4/19,179,70,右脚,62,66,71,59,58,56,51
50211980,中场,36,何超,He Chao,中国,广州恒大淘宝,24,1995/4/19,178,77,右脚,63,65,75,63,62,61,49
50242677,后卫,22,胡睿宝,Hu Ruibao,中国,广州恒大淘宝,23,1996/10/17,185,73,右脚,,,,,,,
50211613,后卫,21,高准翼,Gao Zhunyi,中国,广州恒大淘宝,24,1995/8/21,186,79,右脚,66,69,67,64,61,61,49
50184150,后卫,3,梅方,Mei Fang,中国,广州恒大淘宝,30,1989/11/14,187,78,右脚,68,63,67,68,50,46,29
50077710,后卫,5,张琳M,Zhang Linpeng,中国,广州恒大淘宝,30,1989/5/9,186,80,右脚,70,74,83,68,68,64,56
50490694,后卫,31,罗涵博文(U21),Luo Hanbowen,中国,广州恒大淘宝,19,2000/8/26,177,70,,,,,,,,
50444293,后卫,27,吴少聪(U21),Wu Shaocong,中国,广州恒大淘宝,20,2000/3/20,192,74,左脚,,,,,,,
50386133,后卫,~,郭靖(U23),Guo Jing,中国,广州恒大淘宝,23,1997/2/24,,,,,,,,,,
50385176,后卫,38,刘奕鸣,Liu Yiming,中国,广州恒大淘宝,25,1995/2/28,190,81,右脚,,,,,,,
50384861,后卫,23,朴志洙,Park Ji-Soo,韩国,广州恒大淘宝,25,1994/6/13,184,70,右脚,68,68,68,68,59,57,50
50279532,后卫,25,邓涵文,Deng Hanwen,中国,广州恒大淘宝,25,1995/1/8,178,73,右脚,66,76,65,63,65,61,50
50517486,门将,40,张健智(U21),Zhang Jianzhi,中国,广州恒大淘宝,20,2000/1/28,195,83,,,,,,,,
50118728,门将,32,刘殿座,Liu Dianzuo,中国,广州恒大淘宝,29,1990/6/26,190,81,右脚,68,66,69,50,70,64,67
50118775,门将,13,刘伟国,Weiguo Liu,中国,广州恒大淘宝,27,1992/5/3,195,85,右脚,,,,,,,
50257780,门将,1,刘世博(U23),Liu Shibo,中国,广州恒大淘宝,22,1997/5/20,189,78,右脚,54,52,48,35,57,51,56
50490816,前锋,17,罗石鹏(U21),Luo Shipeng,中国,河北华夏幸福,19,2000/6/9,,,,,,,,,,
50434761,前锋,~,卡埃比,A. El Kaabi,摩洛哥,河北华夏幸福,26,1993/6/25,182,72,,,,,,,,
50257840,前锋,20,高华泽(U23),Gao Huaze,中国,河北华夏幸福,22,1997/10/20,180,,,57,70,62,42,58,49,56
50180679,前锋,10,马尔康,Marc?o,巴西,河北华夏幸福,25,1994/6/16,196,,,73,68,80,28,64,46,71
50054074,前锋,9,董学升,Dong Xuesheng,中国,河北华夏幸福,30,1989/5/22,186,82,,66,59,73,37,57,52,65
50184076,中场,~,罗森文,Luo Senwen,中国,河北华夏幸福,27,1993/1/16,188,80,,62,64,64,58,62,59,61
50184069,中场,3,赵宇豪,Zhao Yuhao,中国,河北华夏幸福,26,1993/4/7,185,79,,65,62,72,63,55,52,38
50184060,中场,15,王秋明,Wang Qiuming,中国,河北华夏幸福,27,1993/1/9,169,60,,,,,,,,
50149926,中场,~,保利尼奥,Paulinho,巴西,河北华夏幸福,25,1994/7/10,166,58,左脚,73,69,44,31,73,70,69
50149369,中场,18,冯刚,Feng Gang,中国,河北华夏幸福,27,1993/3/6,176,62,,57,78,50,56,62,55,46
50492277,中场,~,张辉(U21),Zhang Hui,中国,河北华夏幸福,19,2000/10/8,171,62,,,,,,,,
50492276,中场,~,买尔旦江(U21),Merdanjan Abduklijan,中国,河北华夏幸福,21,1999/2/7,183,65,,,,,,,,
50491543,中场,~,么旭辰(U21),Yao Xuchen,中国,河北华夏幸福,20,1999/9/11,,,,,,,,,,
50490820,中场,38,张威(U21),Zhang Wei,中国,河北华夏幸福,19,2000/5/16,186,74,,49,58,51,48,48,47,38
50490817,中场,21,危常胜(U21),Wei Changsheng,中国,河北华夏幸福,21,1999/1/28,,,,,,,,,,
50517488,中场,60,任威(U23),Ren Wei,中国,河北华夏幸福,22,1997/4/9,184,,,,,,,,,
50385653,中场,31,徐天沅(U23),Xu Tianyuan,中国,河北华夏幸福,22,1997/5/8,180,76,,,,,,,,
50474027,中场,~,陈骜(U21),Chen Ao,中国,河北华夏幸福,19,2000/7/17,180,65,右脚,,,,,,,
50118743,后卫,4,金洋洋,Jin Yangyang,中国,河北华夏幸福,27,1993/2/3,192,80,,,,,,,,
50118734,后卫,2,张俊哲,Zhang Junzhe,中国,河北华夏幸福,29,1991/2/20,183,69,,,,,,,,
50149457,后卫,26,姜文骏,Jiang Wenjun,中国,河北华夏幸福,30,1990/1/30,180,72,,,,,,,,
50517487,后卫,51,刘径(U23),Liu Jing,中国,河北华夏幸福,23,1997/1/17,176,61,右脚,52,63,59,51,48,40,27
50508026,后卫,24,张禹(U21),Zhang Yu,中国,河北华夏幸福,17,2002/7/14,,,,,,,,,,
50270007,后卫,13,崔麟(U23),Cui Lin,中国,河北华夏幸福,22,1997/10/26,183,,,,,,,,,
50231313,后卫,37,潘喜明,Pan Ximing,中国,河北华夏幸福,27,1993/1/11,182,,,51,60,53,49,47,50,32
50187521,后卫,~,梅米舍维奇,S. Memi?evi?,波黑,河北华夏幸福,26,1993/8/13,185,77,右脚,72,59,84,69,62,54,48
50490818,门将,30,鲍亚雄(U23),Bao Yaxiong,中国,河北华夏幸福,22,1997/5/23,190,,,56,59,51,21,56,55,52
50126544,前锋,14,奥汗德扎,F. Ohandza,喀麦隆,河南建业,28,1991/9/28,179,83,右脚,67,73,62,27,70,46,67
50119555,前锋,37,卡兰加,Fernando Karanga,巴西,河南建业,28,1991/4/14,189,73,右脚,70,61,73,30,62,52,69
50490697,前锋,32,张旭(U21),Zhang Xu,中国,河南建业,20,1999/7/30,,,,,,,,,,
50239243,前锋,10,巴索戈,C. Bassogog ,喀麦隆,河南建业,24,1995/10/18,173,75,右脚,74,89,70,38,78,59,70
50235297,前锋,7,杜长杰(U23),Du Changjie,中国,河南建业,22,1997/12/20,179,80,右脚,,,,,,,
50184078,前锋,25,陈灏,Chen Hao,中国,河南建业,27,1993/1/28,186,78,右脚,63,62,64,62,48,41,42
50490699,前锋,20,韩东(U21),Han Dong,中国,河南建业,19,2001/3/2,182,66,,,,,,,,
50490698,前锋,12,王一凡(U21),Wang Yifan,中国,河南建业,19,2000/5/28,185,81,右脚,,,,,,,
50021248,中场,28,马兴煜,Ma Xingyu,中国,河南建业,30,1989/11/4,181,73,右脚,,,,,,,
50210686,中场,8,周定洋,Chow Tim,中国台北,河南建业,26,1994/1/18,180,72,右脚,66,66,72,63,63,61,60
50193061,中场,26,王上源,Wang Shangyuan,中国,河南建业,26,1993/6/2,185,70,右脚,64,71,80,59,67,60,60
50118786,中场,23,王飞,Wang Fei,中国,河南建业,27,1993/1/8,175,62,右脚,61,82,64,54,60,50,53
50440038,中场,18,杨国元(U23),Yang Guoyuan,中国,河南建业,22,1997/4/9,175,72,右脚,,,,,,,
50212025,中场,30,钟晋宝,Zhong Jinbao,中国,河南建业,25,1994/11/25,181,69,右脚,61,65,70,56,58,56,52
50245260,后卫,27,路尧,Lu Yao,中国,河南建业,26,1993/6/26,176,78,左右脚,58,62,71,57,60,47,34
50235322,后卫,3,张文涛,Zhang Wentao,中国,河南建业,26,1993/4/14,189,87,右脚,,,,,,,
50235304,后卫,~,罗歆,Luo Xin,中国,河南建业,30,1990/2/7,182,75,,60,60,69,58,57,54,48
50385645,后卫,24,刘恒,Liu Heng,中国,河南建业,24,1996/1/6,180,74,右脚,,,,,,,
50272939,后卫,31,黄闯(U23),Huang Chuang,中国,河南建业,23,1997/1/2,184,75,右脚,,,,,,,
50257202,后卫,4,韩轩,Han Xuan,中国,河南建业,29,1991/2/2,193,85,右脚,59,50,75,57,37,34,23
50017899,门将,19,王国明,Wang Guoming,中国,河南建业,30,1990/2/2,187,81,右脚,,,,,,,
50211965,门将,1,温智翔,Wen Zhixiang,中国,河南建业,27,1993/3/17,192,96,右脚,53,52,53,45,60,44,45
50385675,前锋,32,黄紫昌(U23),Huang Zichang,中国,江苏苏宁,22,1997/4/4,173,71,右脚,,,,,,,
50257773,前锋,8,冯伯元,Feng Boyuan,中国,江苏苏宁,25,1995/1/18,191,85,左脚,53,53,57,23,49,35,51
50052661,前锋,26,桑蒂尼,I. Santini,克罗地亚,江苏苏宁,30,1989/5/21,190,90,右脚,72,37,85,40,58,55,76
50023695,前锋,10,特谢拉,Alex Teixeira,巴西,江苏苏宁,30,1990/1/6,173,69,右脚,79,92,72,42,82,73,76
50164608,中场,17,罗竞,Luo Jing,中国,江苏苏宁,26,1993/11/4,180,72,右脚,63,66,60,62,64,60,59
50149370,中场,11,谢鹏飞,Xie Pengfei,中国,江苏苏宁,26,1993/6/29,179,74,左脚,66,77,67,46,68,57,62
50082123,中场,24,吉翔,Ji Xiang,中国,江苏苏宁,30,1990/3/1,185,75,左右脚,67,69,74,66,63,66,57
50081993,中场,30,叶重秋,Ye Chongqiu,中国,江苏苏宁,27,1992/9/29,182,81,右脚,60,66,60,57,47,57,54
50490650,中场,31,马辅渔(U21),Ma Fuyu,中国,江苏苏宁,19,2001/3/28,178,72,,,,,,,,
50386168,中场,20,阿不都海米提(U23),Abduhamit Abdugheni,中国,江苏苏宁,22,1998/3/10,185,75,,54,68,58,52,56,47,39
50385676,中场,~,谢小凡,Xie Xiaofan,中国,江苏苏宁,22,1998/3/15,177,75,左右脚,,,,,,,
50280451,中场,~,高天意(U23),Gao Tianyi,中国,江苏苏宁,21,1998/7/1,185,81,右脚,55,63,63,57,55,56,41
50517494,中场,48,谢志伟(U23),Xie Zhiwei,中国,江苏苏宁,22,1998/1/7,178,,,,,,,,,
50490687,中场,34,李家伟(U21),Li Jiawei,中国,江苏苏宁,19,2001/2/13,179,71,,,,,,,,
50211960,中场,~,张晓彬,Zhang Xiaobin,中国,江苏苏宁,26,1993/10/23,185,69,,59,57,69,59,55,54,51
50490690,中场,38,陈运涵(U21),Chen Yunhan,中国,江苏苏宁,19,2000/10/26,173,72,,,,,,,,
50257203,中场,3,田依浓,Tian Yinong,中国,江苏苏宁,29,1991/2/18,182,72,右脚,,,,,,,
50042368,中场,~,瓦卡索,M. Wakaso,加纳,江苏苏宁,29,1990/7/25,171,69,左脚,75,84,78,72,76,72,66
50268922,中场,18,张凌峰(U23),Zhang Lingfeng,中国,江苏苏宁,23,1997/2/28,176,74,左脚,,,,,,,
50440427,后卫,~,梁金虎,Liang Jinhu,中国,江苏苏宁,23,1997/1/18,184,80,,,,,,,,
50211957,后卫,2,李昂,Li Ang,中国,江苏苏宁,26,1993/9/15,188,88,左脚,66,54,77,63,58,62,56
50082131,后卫,28,杨笑天,Yang Xiaotian,中国,江苏苏宁,30,1990/3/26,178,82,左脚,63,68,72,62,61,59,56
50054455,后卫,5,周云,Zhou Yun,中国,江苏苏宁,29,1990/12/31,183,69,右脚,64,65,66,63,64,59,35
50020975,后卫,6,杨博宇,Yang Boyu,中国,江苏苏宁,30,1989/6/24,187,82,右脚,60,52,70,60,40,31,29
50517493,后卫,27,郑雪健(U21),Zheng Xuejian,中国,江苏苏宁,19,2001/2/23,,,,,,,,,,
50329567,门将,~,李海涛,Li Haitao,中国,江苏苏宁,24,1995/11/29,194,93,右脚,,,,,,,
50440422,门将,44,张劲一(U23),Zhang Jingyi,中国,江苏苏宁,22,1997/7/7,190,77,,,,,,,,
50440425,门将,36,齐雨熙(U21),Qi Yuxi,中国,江苏苏宁,19,2000/11/21,187,75,右脚,,,,,,,
50234140,门将,19,张岩(U23),Zhang Yan,中国,江苏苏宁,22,1997/3/30,184,80,右脚,56,59,52,24,58,55,54
50118766,门将,1,顾超,Gu Chao,中国,江苏苏宁,30,1989/8/20,196,92,右脚,68,70,62,49,72,67,64
50490700,前锋,30,麦麦提阿卜杜拉-艾孜麦提(U23),Memetabdulla Ezimet,中国,青岛黄海青港,22,1997/11/21,175,,右脚,,,,,,,
50452267,前锋,~,周俊辰(U21),Zhou Junchen,中国,青岛黄海青港,20,2000/3/23,172,71,右脚,,,,,,,
50385627,中场,~,王伟,Wang Wei,中国,青岛黄海青港,30,1989/6/22,183,75,左脚,63,72,69,58,63,60,52
50021218,中场,20,王飞,Wang Fei,中国,青岛黄海青港,30,1989/6/6,180,68,,,,,,,,
50257357,中场,33,石哲,Shi Zhe,中国,青岛黄海青港,26,1993/6/29,170,65,,,,,,,,
50212695,中场,~,米纳拉,J. Minala,喀麦隆,青岛黄海青港,23,1996/8/24,184,80,左脚,69,59,71,63,68,64,63
50082021,中场,11,巴力,Muhammateli Bari,中国,青岛黄海青港,30,1989/10/27,175,72,右脚,,,,,,,
50491766,中场,29,李鹏(U23),Li Peng,中国,青岛黄海青港,21,1998/10/16,172,68,,,,,,,,
50386139,中场,25,余扬,Yu Yang,中国,青岛黄海青港,23,1996/11/20,173,65,,,,,,,,
50490702,中场,18,陆浩霖(U21),Lu Haolin,中国,青岛黄海青港,21,1999/1/5,181,70,右脚,,,,,,,
50021258,中场,27,马龙,Ma Long,中国,青岛黄海青港,30,1990/2/26,177,71,,,,,,,,
50050892,中场,~,亚历山德里尼,R. Alessandrini,法国,青岛黄海青港,30,1989/4/3,173,70,左脚,77,84,66,48,78,73,76
50149182,后卫,~,王皓,Wang Hao,中国,青岛黄海青港,27,1993/1/30,185,81,左右脚,,,,,,,
50115529,后卫,23,刘佳,Liu Jiashen,中国,青岛黄海青港,28,1991/11/23,190,86,,,,,,,,
50246665,后卫,4,殷亚吉,Yaki Yen,中国台北,青岛黄海青港,30,1989/4/21,184,73,右脚,,,,,,,
50184059,后卫,2,姜卫鹏,Jiang Weipeng,中国,青岛黄海青港,27,1993/1/3,183,78,,,,,,,,
50440572,后卫,8,房欣峰(U21),Fang Xinfeng,中国,青岛黄海青港,20,1999/7/21,182,79,,,,,,,,
50440380,后卫,3,石汉臣,Shi Hanchen,中国,青岛黄海青港,24,1996/1/24,177,66,右脚,,,,,,,
50386140,后卫,15,张振,Zhang Zhen,中国,青岛黄海青港,24,1995/5/21,175,67,,,,,,,,
50388058,门将,~,曹国峻(U21),Cao Guojun,中国,青岛黄海青港,19,2000/5/26,187,72,右脚,,,,,,,
50506273,门将,56,曾毅(U21),Zeng Yi,中国,青岛黄海青港,20,1999/9/13,,,,,,,,,,
50490701,门将,28,李智钊(U21),Li Zhizhao,中国,青岛黄海青港,20,1999/8/6,188,78,右脚,,,,,,,
50233442,门将,22,赵石,Zhao Shi,中国,青岛黄海青港,27,1993/3/16,185,68,,,,,,,,
50270591,门将,1,邢瑜,Xing Yu,中国,青岛黄海青港,24,1996/1/8,,,,,,,,,,
50452505,前锋,36,段刘愚(U23),Duan Liuyu,中国,山东鲁能泰山,21,1998/7/24,176,73,右脚,,,,,,,
50446143,前锋,32,田鑫(U23),Tian Xin,中国,山东鲁能泰山,21,1998/3/29,178,73,右脚,,,,,,,
50257778,前锋,~,郭田雨(U21),Guo Tianyu,中国,山东鲁能泰山,21,1999/3/5,192,92,右脚,55,62,64,39,53,41,48
50230615,前锋,23,格德斯,Roger Guedes,巴西,山东鲁能泰山,23,1996/10/2,182,76,右脚,,,,,,,
50250218,中场,~,曹盛,Cao Sheng,中国,山东鲁能泰山,25,1995/2/26,172,68,右脚,51,71,38,27,56,40,52
50228212,中场,28,陈科睿,Chen Kerui,中国,山东鲁能泰山,24,1996/3/9,183,73,左脚,57,65,51,37,58,55,49
50228211,中场,~,姚均晟,Yao Junsheng,中国,山东鲁能泰山,24,1995/10/29,172,65,左脚,,,,,,,
50150751,中场,17,吴兴涵,Wu Xinghan,中国,山东鲁能泰山,27,1993/2/24,183,73,右脚,67,80,66,54,67,61,59
50149293,中场,21,刘彬彬,Liu Binbin,中国,山东鲁能泰山,26,1993/6/16,177,66,右脚,68,76,63,46,69,63,66
50264403,中场,34,黄聪(U23),Huang Cong,中国,山东鲁能泰山,23,1997/1/6,182,78,右脚,,,,,,,
50102198,中场,42,宋文杰,Song Wenjie,中国,山东鲁能泰山,29,1991/1/15,181,72,右脚,59,69,64,34,59,51,56
50118815,中场,33,金敬道,Jin Jingdao,中国,山东鲁能泰山,27,1992/11/18,169,66,左脚,66,71,64,64,68,60,57
50216590,后卫,6,王彤,Wang Tong,中国,山东鲁能泰山,27,1993/2/12,179,71,右脚,64,75,67,60,61,60,48
50082150,后卫,39,宋龙,Song Long,中国,山东鲁能泰山,30,1989/8/20,181,69,左脚,59,65,65,56,59,53,32
50061433,后卫,4,卡达尔,T. Kádár,匈牙利,山东鲁能泰山,30,1990/3/14,188,79,左脚,74,70,79,74,61,66,34
50021263,后卫,5,郑铮,Zheng Zheng,中国,山东鲁能泰山,30,1989/7/11,186,77,左脚,69,73,68,67,64,67,55
50216743,后卫,~,王炯,Wang Jiong,中国,山东鲁能泰山,26,1994/1/5,179,71,右脚,,,,,,,
50452504,后卫,31,赵剑非(U21),Zhao Jianfei,中国,山东鲁能泰山,21,1999/1/21,183,78,右脚,,,,,,,
50257218,后卫,16,李海龙,Li Hailong,中国,山东鲁能泰山,23,1996/8/2,181,75,右脚,57,66,59,55,53,47,27
50234171,后卫,24,齐天羽,Qi Tianyu,中国,山东鲁能泰山,27,1993/1/22,181,76,右脚,,,,,,,
50228719,后卫,11,刘洋,Liu Yang,中国,山东鲁能泰山,24,1995/6/17,184,75,左脚,,,,,,,
50228215,后卫,3,刘军帅,Liu Junshuai,中国,山东鲁能泰山,25,1995/1/10,187,87,右脚,64,57,74,63,50,45,32
50257777,门将,~,李冠希(U23),Li Guanxi,中国,山东鲁能泰山,21,1998/9/25,189,86,右脚,,,,,,,
50184077,门将,20,韩F泽,Han Rongze,中国,山东鲁能泰山,27,1993/1/15,190,85,左脚,61,59,63,36,63,64,55
50015731,前锋,7,阿瑙托维奇,M. Arnautovi?,奥地利,上海上港,30,1989/4/19,192,83,左右脚,83,80,80,44,79,79,82
50551984,前锋,39,刘祝润(U21),Liu Zhurun,中国,上海上港,18,2001/10/6,183,72,,,,,,,,
50493864,前锋,~,黄俊逸,Huang Junyi,中国,上海上港,24,1995/6/14,186,78,,,,,,,,
50280181,前锋,24,雷文杰(U23),Lei Wenjie,中国,上海上港,23,1997/1/10,184,80,右脚,,,,,,,
50211938,前锋,12,李浩文,Li Haowen,中国,上海上港,26,1993/11/29,183,83,右脚,57,68,64,40,52,40,56
50146726,前锋,~,里卡多-洛佩斯,Ricardo Lopes,巴西,上海上港,29,1990/10/28,184,77,右脚,,,,,,,
50184135,中场,14,李圣龙,Li Shenglong,中国,上海上港,27,1992/7/30,181,75,右脚,63,76,66,45,60,55,59
50385680,中场,37,陈彬彬(U23),Chen Binbin,中国,上海上港,21,1998/6/10,177,79,左脚,,,,,,,
50041497,中场,8,奥斯卡,Oscar,巴西,上海上港,28,1991/9/9,179,66,右脚,84,77,64,58,82,83,79
50184126,中场,6,蔡慧康,Cai Huikang,中国,上海上港,30,1989/10/10,183,82,右脚,67,59,77,68,60,51,50
50079408,中场,16,木热合买提江,Mirahmetjan Muzepper,中国,上海上港,29,1991/1/14,182,73,左脚,67,67,68,60,65,67,64
50551983,中场,40,陈纯新(U23),Chen Chunxin,中国,上海上港,22,1997/12/25,178,67,,,,,,,,
50184130,中场,15,林创益,Lin Chuangyi,中国,上海上港,27,1993/1/28,178,70,右脚,60,70,62,65,58,58,55
50280180,中场,26,高海生(U23),Gao Haisheng,中国,上海上港,23,1997/1/6,183,73,右脚,,,,,,,
50280178,中场,17,张华晨(U23),Zhang Huachen,中国,上海上港,22,1998/3/16,175,67,右脚,,,,,,,
50211950,中场,42,孙峻岗,Sun Jungang,中国,上海上港,24,1995/8/5,181,75,左脚,55,67,52,33,58,50,47
50211946,中场,20,杨世元,Yang Shiyuan,中国,上海上港,26,1994/3/11,173,70,右脚,57,73,61,59,56,47,32
50184128,后卫,23,傅欢,Fu Huan,中国,上海上港,26,1993/7/12,182,70,右脚,64,73,61,63,61,57,35
50149366,后卫,5,石柯,Shi Ke,中国,上海上港,27,1993/1/8,184,80,右脚,68,65,71,67,46,44,26
50211947,后卫,28,贺惯,He Guan,中国,上海上港,27,1993/1/25,181,79,右脚,66,71,68,65,52,51,32
50211936,后卫,2,张卫,Zhang Wei,中国,上海上港,27,1993/3/28,176,73,右脚,61,72,64,60,58,53,37
50398148,后卫,~,魏来(U23),Wei Lai,中国,上海上港,23,1997/1/2,178,72,右脚,,,,,,,
50265023,后卫,13,魏震(U23),Wei Zhen,中国,上海上港,23,1997/2/12,189,80,右脚,,,,,,,
50046668,后卫,3,于睿,Yu Rui,中国,上海上港,27,1992/8/11,185,76,右脚,67,64,70,67,51,48,35
50211941,后卫,18,张一,Zhang Yi,中国,上海上港,26,1993/8/17,181,67,右脚,57,70,61,57,58,55,52
50490586,后卫,31,肖明杰(U23),Xiao Mingjie,中国,上海上港,23,1997/1/14,177,66,右脚,51,71,53,47,52,43,25
50265024,后卫,36,俞豪(U23),Yu Hao,中国,上海上港,22,1997/9/5,185,67,右脚,,,,,,,
50184113,门将,1,颜骏凌,Yan Junling,中国,上海上港,29,1991/1/28,191,83,右脚,73,72,72,48,74,67,70
50256015,门将,35,施晓东(U23),Shi Xiaodong,中国,上海上港,23,1997/2/26,185,75,右脚,,,,,,,
50385658,门将,34,陈威(U23),Chen Wei,中国,上海上港,22,1998/2/14,188,89,右脚,,,,,,,
50184137,门将,22,孙乐,Sun Le,中国,上海上港,30,1989/9/17,188,83,右脚,57,58,53,43,58,54,55
50054517,前锋,15,朱建荣,Zhu Jianrong,中国,上海绿地申花,28,1991/7/12,185,82,右脚,62,66,71,34,55,51,58
50048894,前锋,22,沙拉维,S. El Shaarawy,意大利,上海绿地申花,27,1992/10/27,178,72,右脚,81,87,63,46,79,76,78
50021242,前锋,18,高迪,Gao Di,中国,上海绿地申花,30,1990/1/6,179,73,右脚,60,70,67,44,57,44,56
50021021,中场,8,张璐,Zhang Lu,中国,上海绿地申花,30,1989/8/23,181,74,右脚,58,74,63,56,55,53,50
50020834,中场,25,彭欣力,Peng Xinli,中国,上海绿地申花,28,1991/7/22,176,61,左右脚,65,80,67,66,66,64,59
50385688,中场,39,丛震(U23),Cong Zhen,中国,上海绿地申花,23,1997/2/9,180,75,右脚,56,70,64,51,58,52,54
50021066,中场,21,朱宝杰,Zhu Baojie,中国,上海绿地申花,30,1989/8/11,170,67,,62,65,59,52,62,61,53
50333890,中场,38,温家宝(U21),Wen Jiabao,中国,上海绿地申花,21,1999/1/2,177,65,右脚,,,,,,,
50184139,中场,17,吴毅臻,Wu Yizhen,中国,上海绿地申花,25,1994/5/26,184,74,左脚,57,75,53,35,56,53,51
50115528,中场,28,曹S定,Cao Yunding,中国,上海绿地申花,30,1989/11/22,173,70,右脚,72,84,65,34,70,70,64
50490541,中场,33,汪海健(U21),Wang Haijian,中国,上海绿地申花,19,2000/8/2,185,67,右脚,49,64,53,46,48,48,36
50066791,中场,26,钱杰给,Alexander N'Doumbou,中国,上海绿地申花,28,1992/1/4,178,70,右脚,60,71,44,39,65,58,44
50160952,后卫,23,柏佳骏,Bai Jiajun,中国,上海绿地申花,29,1991/3/20,166,65,左右脚,63,76,69,59,63,56,50
50133675,后卫,3,毕津浩,Bi Jinhao,中国,上海绿地申花,29,1991/1/5,190,75,右脚,61,60,67,59,55,55,54
50082157,后卫,6,栗鹏,Li Peng,中国,上海绿地申花,29,1990/8/29,187,80,右脚,60,54,74,59,37,42,28
50184115,后卫,16,李运秋,Li Yunqiu,中国,上海绿地申花,29,1990/10/3,174,69,右脚,62,74,65,59,59,54,47
50452265,后卫,5,朱辰杰(U21),Zhu Chenjie,中国,上海绿地申花,19,2000/8/23,185,84,右脚,,,,,,,
50452264,后卫,4,蒋圣龙(U21),Jiang Shenglong,中国,上海绿地申花,19,2000/12/24,193,87,右脚,,,,,,,
50437144,后卫,35,李扬(U23),Li Yang,中国,上海绿地申花,22,1997/7/22,186,85,右脚,,,,,,,
50184187,后卫,32,艾迪-弗朗西斯,Fulangxisi Aidi,中国,上海绿地申花,29,1990/12/17,180,76,右脚,62,69,70,62,56,51,35
50184134,后卫,14,孙凯,Sun Kai,中国,上海绿地申花,29,1991/3/26,178,72,左脚,53,65,65,47,46,45,25
50404284,门将,12,陈钊,Chen Zhao,中国,上海绿地申花,23,1996/10/26,189,83,右脚,57,59,50,31,57,55,53
50426973,前锋,14,慈天,Ci Tian,中国,石家庄永昌,23,1996/10/12,175,,右脚,,,,,,,
50257776,前锋,23,杨一鸣,Yang Yiming,中国,石家庄永昌,24,1995/5/25,193,80,,,,,,,,
50255773,前锋,27,刘子铭,Liu Ziming,中国,石家庄永昌,23,1996/6/26,188,82,,,,,,,,
50153722,前锋,7,臧一锋,Zang Yifeng,中国,石家庄永昌,26,1993/10/15,170,65,,,,,,,,
50452107,前锋,~,奥斯卡,O. Maritu,刚果民主共和国,石家庄永昌,20,1999/8/17,182,80,右脚,,,,,,,
50235336,中场,46,陈曾,Chen Zeng,中国,石家庄永昌,25,1994/4/6,178,72,,,,,,,,
50235335,中场,17,王子豪,Wang Zihao,中国,石家庄永昌,25,1994/8/17,174,67,,,,,,,,
50235333,中场,~,王鹏,Wang Peng,中国,石家庄永昌,27,1993/1/24,188,,右脚,,,,,,,
50078251,中场,~,罗穆洛,R?mulo,巴西,石家庄永昌,29,1990/9/19,184,73,右脚,,,,,,,
50387276,中场,22,钟纪宇(U23),Zhong Jiyu,中国,石家庄永昌,23,1997/1/5,170,65,,,,,,,,
50235338,中场,28,詹敏伟,Zhan Minwei,中国,石家庄永昌,26,1993/8/20,180,70,,,,,,,,
50386158,中场,21,谭想,Tan Xiang,中国,石家庄永昌,24,1995/10/12,178,67,,,,,,,,
50385003,中场,20,刘鑫瑜,Liu Xinyu,中国,石家庄永昌,28,1991/11/17,183,70,,,,,,,,
50270016,中场,~,邓宇彪(U23),Deng Yubiao,中国,石家庄永昌,22,1997/6/8,181,65,,,,,,,,
50257220,中场,33,朴世豪,Piao Shihao,中国,石家庄永昌,28,1991/7/9,176,66,,,,,,,,
50463482,中场,~,陈蒲(U23),Chen Pu,中国,石家庄永昌,23,1997/1/15,177,74,左脚,,,,,,,
50256220,中场,26,安硕,An Shuo,中国,石家庄永昌,23,1996/4/30,183,75,右脚,,,,,,,
50046793,后卫,~,苏祖,S. Sunzu,赞比亚,石家庄永昌,30,1989/6/22,189,80,右脚,73,49,82,72,48,48,38
50270990,后卫,4,周佳豪,Zhou Jiahao,中国,石家庄永昌,24,1995/9/16,186,80,右脚,,,,,,,
50149443,后卫,35,郭胜,Guo Sheng,中国,石家庄永昌,27,1993/1/7,180,75,,,,,,,,
50217410,后卫,2,张帅,Zhang Shui,中国,石家庄永昌,27,1993/1/15,189,82,,,,,,,,
50211948,后卫,41,郑致云,Zheng Zhiyun,中国,石家庄永昌,25,1995/2/17,178,72,左脚,,,,,,,
50206118,后卫,5,武浩然,Wu Haoran,中国,石家庄永昌,26,1994/1/18,186,68,,,,,,,,
50491354,后卫,36,李金阳(U23),Li Jinyang,中国,石家庄永昌,21,1998/5/10,178,,,,,,,,,
50192463,后卫,~,廖承坚,Liao Chengjian,中国,石家庄永昌,26,1993/11/4,182,75,,,,,,,,
50506730,门将,58,刘伟,Liu Wei,中国,石家庄永昌,25,1995/1/6,183,78,,,,,,,,
50021262,门将,12,邵镤亮,Shao Puliang,中国,石家庄永昌,30,1989/7/6,187,82,,,,,,,,
50149231,前锋,7,阿奇姆彭,F. Acheampong,加纳,天津泰达,26,1993/10/16,169,65,左脚,77,94,76,49,81,69,76
50069182,前锋,10,乔纳森,Johnathan,巴西,天津泰达,29,1990/3/29,184,74,右脚,78,81,78,40,76,63,77
50385689,前锋,~,刘若钒(U21),Liu Ruofan,中国,天津泰达,21,1999/1/28,188,78,右脚,58,73,61,40,57,53,51
50490815,前锋,35,兰菁轩(U21),Lan Jingxuan,中国,天津泰达,20,1999/9/16,183,,左右脚,,,,,,,
50440306,前锋,27,谢维军(U23),Xie Weijun,中国,天津泰达,22,1997/11/14,190,77,右脚,,,,,,,
50439933,前锋,20,毛昊禹,Mao Haoyu,中国,天津泰达,23,1996/10/17,180,74,右脚,,,,,,,
50385723,前锋,32,苏缘杰,Su Yuanjie,中国,天津泰达,24,1995/4/14,178,75,右脚,,,,,,,
50118666,中场,21,赵英杰,Zhao Yingjie,中国,天津泰达,27,1992/8/2,183,77,右脚,56,65,60,52,53,51,53
50385068,中场,18,朴韬宇,Piao Taoyu,中国,天津泰达,26,1993/5/18,177,64,左脚,,,,,,,
50264680,中场,6,高嘉润,Gao Jiarun,中国,天津泰达,24,1995/4/24,184,75,右脚,59,73,70,56,60,49,39
50257284,中场,~,车世伟,Che Shiwei,中国,天津泰达,23,1996/10/30,183,73,左脚,60,72,66,45,60,57,50
50184056,中场,22,郭皓,Guo Hao,中国,天津泰达,27,1993/1/14,172,70,右脚,,,,,,,
50149399,中场,13,郑凯木,Zheng Kaimu,中国,天津泰达,28,1992/1/28,185,80,右脚,60,64,74,60,54,52,48
50388274,中场,28,杨万顺,Yang Wanshun,中国,天津泰达,24,1996/1/16,178,75,右脚,,,,,,,
50017903,后卫,3,赵宏略,Zhao Honglue,中国,天津泰达,30,1989/12/4,178,71,左脚,66,66,68,63,65,56,34
50078187,后卫,~,雷腾龙,Lei Tenglong,中国,天津泰达,29,1991/1/17,183,75,右脚,64,67,69,63,46,42,25
50490811,后卫,2,王政豪(U21),Wang Zhenghao,中国,天津泰达,19,2000/6/28,185,75,右脚,50,54,57,48,37,31,25
50137827,后卫,30,刘洋,Liu Yang,中国,天津泰达,29,1991/2/9,182,79,右脚,61,61,69,59,53,48,36
50440450,门将,51,丁博威,Ding Bowei,中国,天津泰达,23,1996/11/18,180,65,,,,,,,,
50082020,门将,33,滕尚坤,Teng Shangkun,中国,天津泰达,29,1991/1/10,188,90,右脚,,,,,,,
50212030,门将,1,杜佳,Du Jia,中国,天津泰达,26,1993/5/1,186,78,右脚,61,59,60,51,63,52,55
50258249,中场,20,张源(U23),Zhang Yuan,中国,天津天海,23,1997/1/28,184,72,,,,,,,,
50081306,中场,30,宋博轩,Song Boxuan,中国,天津天海,30,1989/9/16,180,73,右脚,64,71,61,46,64,62,47
50054464,中场,38,孙可,Sun Ke,中国,天津天海,30,1989/8/26,171,54,右脚,67,77,66,59,67,62,65
50517491,中场,53,孙学龙(U21),Sun Xuelong,中国,天津天海,20,1999/7/1,175,,,,,,,,,
50386107,中场,44,刘逸(U23),Liu Yi,中国,天津天海,23,1997/1/26,172,,,,,,,,,
50405431,后卫,23,钱宇淼(U23),Qian Yumiao,中国,天津天海,22,1998/2/7,181,,,52,66,60,53,49,38,23
50385721,后卫,18,张诚,Zhang Cheng,中国,天津天海,30,1989/6/28,180,72,,,,,,,,
50212031,后卫,33,储今朝,Chu Jinzhao,中国,天津天海,27,1993/1/11,180,70,,58,71,59,56,56,53,34
50211259,后卫,25,糜昊伦,Mi Haolun,中国,天津天海,27,1993/1/10,175,60,,64,81,65,63,62,57,57
50210537,后卫,12,晏紫豪,Yan Zihao,中国,天津天海,25,1995/1/18,173,60,,,,,,,,
50190916,后卫,4,宋株熏,Song Ju-Hun,韩国,天津天海,26,1994/1/13,190,83,,65,64,75,62,47,43,34
50385652,门将,32,孙启斌,Sun Qibin,中国,天津天海,28,1991/11/6,192,,,,,,,,,
50490703,前锋,30,周柏兆(U21),Zhou Baizhao,中国,武汉卓尔,20,1999/11/22,176,66,左脚,,,,,,,
50256014,前锋,~,胡靖航(U23),Hu Jinghang,中国,武汉卓尔,23,1997/3/23,178,77,右脚,62,72,67,29,59,51,58
50152537,前锋,9,拉斐尔-席尔瓦,Rafael Silva,巴西,武汉卓尔,27,1992/4/4,179,73,左脚,74,84,67,30,74,67,73
50135221,前锋,10,巴普蒂斯唐,Léo Baptist?o,巴西,武汉卓尔,27,1992/8/26,184,73,左右脚,79,78,69,33,79,72,75
50123367,前锋,17,埃弗拉,J. Kouassi,科特迪瓦,武汉卓尔,25,1994/9/25,174,67,右脚,72,85,67,31,73,59,71
50149453,中场,11,周通,Zhou Tong,中国,武汉卓尔,30,1990/1/12,171,66,右脚,61,82,44,48,63,59,47
50145060,中场,~,纳霍尔,E. Gnahoré,法国,武汉卓尔,26,1993/11/14,187,85,右脚,74,66,77,68,71,70,68
50184152,中场,20,李行,Li Hang,中国,武汉卓尔,30,1989/9/19,182,77,右脚,64,67,70,58,60,65,61
50386161,中场,28,江敏文(U23),Jiang Minwen,中国,武汉卓尔,22,1997/6/16,179,77,右脚,,,,,,,
50384939,中场,26,刘云,Liu Yun,中国,武汉卓尔,25,1995/1/7,178,70,右脚,64,72,58,54,60,63,61
50384936,中场,19,聂傲双,Nie Aoshuang,中国,武汉卓尔,25,1995/1/16,180,70,右脚,,,,,,,
50280179,中场,21,江子磊(U23),Jiang Zilei,中国,武汉卓尔,22,1997/9/10,178,75,右脚,,,,,,,
50199386,后卫,5,韩鹏飞,Han Pengfei,中国,武汉卓尔,26,1993/4/28,190,88,右脚,63,50,77,60,57,53,51
50216591,后卫,22,廖均健,Liao Junjian,中国,武汉卓尔,26,1994/1/27,183,77,右脚,64,63,69,63,61,56,50
50452622,后卫,29,夏奥(U21),Xia Ao,中国,武汉卓尔,21,1999/2/11,180,66,左脚,,,,,,,
50384938,后卫,15,明天,Ming Tian,中国,武汉卓尔,24,1995/4/8,180,71,右脚,66,80,65,63,62,56,32
50257186,后卫,2,黄博文,Huang Bowen,中国,武汉卓尔,24,1996/2/15,175,60,左脚,58,68,58,53,58,57,51
50118753,门将,16,董春雨,Dong Chunyu,中国,武汉卓尔,29,1991/3/25,186,77,左脚,64,63,64,46,64,65,62
50386162,门将,12,王智峰(U23),Wang Zhifeng,中国,武汉卓尔,23,1997/2/1,195,80,右脚,,,,,,,
