红黄牌,出场,场均关键传球,创造绝佳机会,场均争顶成功,评分,进球,场均射门,场均射正,把握机会能力,场均过人,场均被侵犯,场均越位,场均抢断,场均拦截,场均解围,场均封堵,场均造越位,场均犯规,致命失误,助攻,创造绝佳机会,场均关键传球,场均传球,传球成功率,前场传球成功率,场均夺回球权,射正率,进球率,把握机会能力,传球成功率,前场传球成功率,中场传球成功率,后场传球成功率,传中成功率,长传成功率,直塞成功率,致命失误/失误
2,28(1),1.6,9,1.1,7.66,19,2.7,1.2,70%,1.9,1.7,0.6,0.8,0.3,0.8,0,-,1.4,-,6,9,1.6,47.2,89%,75%,5.7,44%,24%,70%,89%,75%,94%,97%,27%,64%,40%,-
1,16(2),1,3,1,7.49,11,5.1,2.1,56%,1.1,2.2,0.3,0.6,0.3,0.5,0.1,-,1.8,-,2,3,1,26.8,80%,73%,2.8,41%,12%,56%,80%,73%,87%,91%,11%,77%,-,-
0,1,-,-,-,6.08,-,-,-,-,-,-,-,-,-,-,-,-,-,-,-,-,-,2,50%,-,-,-,-,-,50%,-,100%,-,-,-,-,-
0,9(4),1.6,4,1,7.76,10,2.8,1.5,78%,0.9,1.3,0.2,0.5,-,0.8,0.2,-,0.8,-,5,4,1.6,15.6,83%,79%,1.3,53%,28%,78%,83%,79%,86%,100%,25%,80%,-,-
1,10,2.4,6,0.3,7.12,2,2,0.5,50%,2.3,4.4,0.3,0.7,0.5,0.1,-,-,1.6,-,3,6,2.4,32.9,84%,77%,3.4,25%,10%,50%,84%,77%,89%,91%,19%,68%,-,-
0,2(2),0.3,-,2,6.88,-,-,-,-,-,-,-,0.8,0.5,4.5,1.3,0.3,1.3,-,-,-,0.3,22.8,76%,29%,1.5,-,-,-,76%,29%,80%,95%,-,21%,-,-
2,18(2),0.1,-,2.2,6.98,1,0.4,0.1,50%,0.1,0.8,-,1.6,0.6,2.8,1.1,0.6,0.9,-,1,-,0.1,45.3,88%,62%,4.5,29%,14%,50%,88%,62%,90%,94%,17%,57%,-,-
3,23(2),1.4,9,0.9,7.24,11,2.8,1.2,39%,0.8,0.9,0.9,0.7,0.3,0.2,0,-,0.6,-,6,9,1.4,21.5,79%,69%,1.9,41%,15%,39%,79%,69%,88%,97%,34%,59%,-,-
2,27,1.6,14,1,7.3,4,2.1,0.7,14%,0.9,0.9,0.3,1.1,0.5,1,0.2,-,0.7,-,12,14,1.6,25.9,81%,72%,3.1,36%,7%,14%,81%,72%,87%,94%,21%,40%,50%,-
4,26,0.7,1,1.6,6.95,-,0.7,0.2,-,0.6,0.8,0,2.1,0.9,2.2,0.4,0.2,1.9,-,-,1,0.7,48.3,80%,62%,4,29%,-,-,80%,62%,84%,94%,21%,44%,100%,-
2,15(5),0.8,1,0.4,6.63,-,0.2,0.1,-,0.4,0.8,-,1.5,1,0.4,0.1,-,0.9,1,2,1,0.8,32.2,87%,79%,4,50%,-,-,87%,79%,91%,91%,7%,46%,-,5%
4,7(11),0.3,1,0.2,6.33,1,0.2,0.1,50%,0.4,0.4,0.1,0.6,0.6,0.4,0.1,0.1,1.1,1,-,1,0.3,23.6,83%,70%,2.3,33%,33%,50%,83%,70%,89%,97%,44%,47%,-,13%
4,26,1.3,12,1.3,7.36,14,3,1.1,47%,1.2,2.7,0.8,1.2,0.5,1.2,0.2,-,1.8,-,1,12,1.3,27.2,75%,67%,3,38%,18%,47%,75%,67%,80%,83%,23%,56%,33%,-
4,24,0.2,1,1.5,6.83,-,0.4,0,-,0.3,1,-,1.1,1,3.1,0.5,0.3,0.8,2,-,1,0.2,44.8,85%,60%,4.3,11%,-,-,85%,60%,88%,94%,26%,51%,-,17%
2,21(5),1.4,4,1,6.9,-,0.2,0.1,-,0.3,0.5,-,1.1,0.9,0.8,0.3,0,0.6,1,3,4,1.4,49.3,87%,73%,4.6,50%,-,-,87%,73%,91%,94%,30%,66%,100%,9%
2,4(1),0.2,-,0.4,6.55,-,-,-,-,0.2,0.4,-,1.4,0.6,3.2,0.4,0.6,1,-,-,-,0.2,29.8,81%,44%,3.4,-,-,-,81%,44%,80%,97%,-,41%,-,-
3,5(14),0.5,2,0.4,6.58,2,0.8,0.4,100%,0.4,1.2,0.4,1.2,0.3,0.5,-,0.1,0.9,-,1,2,0.5,17.2,82%,77%,2.3,47%,13%,100%,82%,77%,82%,95%,33%,35%,-,-
2,4(6),0.1,-,0.5,6.42,-,0.2,0.1,-,0.2,0.8,-,0.7,1.1,1,-,-,1.2,-,-,-,0.1,21.5,87%,77%,2.7,50%,-,-,87%,77%,90%,93%,14%,71%,-,-
2,11(3),1,1,0.9,6.74,-,0.2,0.1,-,0.5,1.4,-,1.8,0.4,1.5,0.1,0.3,1,-,-,1,1,37.9,87%,80%,5.5,67%,-,-,87%,80%,87%,92%,25%,50%,-,-
2,9(6),0.7,1,0.3,6.67,4,1.2,0.4,100%,0.3,0.5,-,0.7,0.3,0.2,0.1,-,1.1,-,-,1,0.7,26.2,82%,71%,2.5,33%,22%,100%,82%,71%,88%,89%,29%,31%,67%,-
2,11(2),1.7,2,0.7,6.93,-,0.1,-,-,0.2,0.5,0.2,1.4,0.5,1.9,-,0.5,0.8,-,2,2,1.7,32.6,83%,77%,3.7,-,-,-,83%,77%,85%,89%,44%,47%,-,-
4,18(1),0.8,2,1.3,6.76,-,1.2,0.4,-,0.3,0.7,-,2.5,1.2,1.1,0.2,-,1.1,-,2,2,0.8,39.7,84%,66%,4.9,30%,-,-,84%,66%,87%,96%,30%,62%,100%,-
2,9(1),-,-,1.2,6.42,-,0.5,0.1,-,0.2,0.7,-,0.8,0.8,1.3,0.1,-,1.2,-,-,-,-,15.9,73%,58%,2.1,20%,-,-,73%,58%,76%,89%,7%,42%,-,-
1,6,0.3,-,1,6.7,-,-,-,-,-,0.7,-,1.7,1.7,2.2,0.8,-,0.3,1,-,-,0.3,41.5,88%,45%,4.5,-,-,-,88%,45%,91%,95%,-,38%,-,50%
0,5(7),0.4,1,0.2,6.38,1,1.5,0.6,100%,1.5,1.1,0.1,0.2,0.3,0.3,0.2,-,0.7,-,-,1,0.4,11.3,78%,64%,1.4,39%,6%,100%,78%,64%,87%,92%,14%,83%,-,-
3,11(4),0.5,-,1.7,6.63,2,0.9,0.4,25%,-,0.5,0.1,1.1,1,2.7,0.3,0.2,1.7,-,1,-,0.5,24.2,77%,47%,3,46%,15%,25%,77%,47%,82%,90%,20%,27%,-,-
0,0(1),-,-,-,6.02,-,-,-,-,-,-,-,-,-,-,-,-,-,-,-,-,-,1,100%,-,-,-,-,-,100%,-,100%,-,-,-,-,-
0,0(1),-,-,-,6.15,-,1,-,-,-,-,-,1,-,1,-,-,-,-,-,-,-,7,57%,-,1,-,-,-,57%,-,100%,-,-,-,-,-
3,9(7),1,3,0.8,6.82,-,0.3,0.1,-,0.4,0.9,-,1.3,1.5,0.8,0.1,-,1.3,1,3,3,1,41.2,86%,77%,5.1,20%,-,-,86%,77%,90%,91%,100%,72%,100%,8%
0,0(1),-,-,-,7.12,1,1,1,100%,-,-,-,1,-,-,-,-,1,-,-,-,-,3,100%,-,-,100%,100%,100%,100%,-,100%,-,-,-,-,-
0,0(1),1,-,-,6.22,-,-,-,-,-,-,-,-,-,-,-,-,-,-,-,-,1,-,-,-,-,-,-,-,-,-,-,-,100%,-,-,-
0,14(2),1.4,3,0.9,7.34,10,3.1,1.6,40%,0.8,1.5,0.5,0.4,0.2,0.7,0.2,-,1.4,-,4,3,1.4,20.3,78%,72%,2,53%,20%,40%,78%,72%,83%,91%,13%,33%,-,-
1,4(3),1.7,-,0.1,6.82,-,1.7,1,-,0.7,0.6,-,0.9,0.7,0.7,0.1,-,0.9,-,-,-,1.7,42.4,86%,77%,3.4,58%,-,-,86%,77%,90%,91%,28%,65%,-,-
2,30,3.1,10,0.7,8.16,15,3.9,1.7,82%,2.4,3,0.2,1.7,0.7,0.7,-,-,0.8,-,10,10,3.1,79,84%,74%,6.7,43%,13%,82%,84%,74%,92%,94%,28%,64%,20%,-
0,17,2.6,9,0.2,7.96,8,3.1,1.3,100%,2.5,3.1,0.2,1.6,0.4,0.1,0.1,-,1,-,6,9,2.6,66.8,84%,71%,4.5,42%,15%,100%,84%,71%,94%,92%,56%,58%,42%,-
2,25(2),0.9,6,1.9,7.1,9,3.4,1.3,38%,1.4,2.6,0.2,0.5,0.2,0.9,0.1,-,0.9,-,2,6,0.9,22.4,78%,63%,2.4,38%,10%,38%,78%,63%,86%,84%,20%,63%,100%,-
2,21(4),0.4,-,0.8,6.81,2,0.6,0.1,100%,0.7,1,-,2.5,1.2,0.9,0.2,-,1.8,-,-,-,0.4,44.8,84%,71%,5.2,14%,14%,100%,84%,71%,89%,90%,-,41%,-,-
0,25(1),0.2,-,1.8,6.85,-,0.3,0.1,-,0.4,0.4,0,1.3,1.3,3.2,1,0.3,0.8,1,-,-,0.2,48.5,87%,63%,6.8,22%,-,-,87%,63%,87%,95%,-,49%,-,6%
1,23(1),1.4,3,0.3,6.84,2,1.1,0.5,33%,0.6,0.8,0.1,0.6,0.6,0.3,0,-,0.8,-,3,3,1.4,46.8,84%,73%,4.4,41%,7%,33%,84%,73%,90%,91%,19%,56%,13%,-
3,19(6),0.7,4,1.8,6.93,8,2.7,0.8,20%,0.8,1.1,0.9,0.6,0,0.3,0,-,1.4,-,5,4,0.7,18,73%,61%,1.7,31%,12%,20%,73%,61%,81%,96%,25%,50%,50%,-
3,21(5),0.7,2,0.4,6.77,-,0.6,0.1,-,0.3,1,0,2.5,1,0.8,0.2,-,0.8,-,2,2,0.7,54,90%,73%,6,13%,-,-,90%,73%,92%,98%,40%,66%,50%,-
1,10(16),0.5,1,0.4,6.57,7,1.4,0.7,50%,0.3,0.5,0.4,0.2,0,0,0.1,-,0.4,-,-,1,0.5,9.8,82%,76%,1.1,50%,19%,50%,82%,76%,87%,88%,50%,100%,-,-
2,25,0.7,3,1.2,6.86,-,0.5,0.1,-,0.6,1.7,0.2,2.3,1,2,0.3,0.2,1.3,-,1,3,0.7,39.4,79%,73%,4.9,23%,-,-,79%,73%,82%,86%,20%,39%,-,-
2,18,0.6,3,0.8,6.75,-,0.4,-,-,0.2,0.7,0.2,2.7,0.8,1.7,0.1,-,1.2,-,1,3,0.6,48.3,82%,66%,4.2,-,-,-,82%,66%,87%,92%,16%,36%,-,-
7,25,0.2,2,2.6,7.06,4,1.1,0.4,67%,0.2,0.8,0,1.4,1.8,3.1,0.6,0.2,1.5,2,1,2,0.2,42.9,87%,60%,5.5,36%,14%,67%,87%,60%,87%,96%,-,50%,-,15%
5,26,0.1,1,1.4,6.65,-,0.4,0.1,-,0.6,0.8,-,2.5,1.2,4.2,0.3,0.6,1.6,2,-,1,0.1,38.5,78%,52%,4.7,20%,-,-,78%,52%,84%,86%,40%,49%,-,15%
1,14(4),1.2,2,0.2,6.76,2,1.3,0.4,67%,0.6,1.1,0.1,1.6,0.8,0.1,0.1,-,1.2,-,2,2,1.2,41.2,87%,76%,4.7,33%,8%,67%,87%,76%,92%,94%,23%,53%,-,-
2,6(6),0.1,1,1.9,6.44,-,0.7,0.3,-,-,0.3,0.1,0.3,0.3,2.3,0.4,0.1,0.6,-,1,1,0.1,23.3,86%,64%,2.5,38%,-,-,86%,64%,88%,89%,-,49%,-,-
0,2(14),0.3,-,0.2,6.16,1,0.3,0.1,50%,0.1,0.3,-,0.2,0.1,0.2,-,-,0.2,-,-,-,0.3,7.3,80%,66%,0.4,40%,20%,50%,80%,66%,91%,100%,25%,67%,-,-
2,10(3),1.2,2,0.2,6.83,-,0.2,-,-,0.3,0.7,0.1,2.2,1.2,1.2,0.3,-,1.3,-,2,2,1.2,38.1,84%,77%,4.8,-,-,-,84%,77%,85%,91%,26%,47%,-,-
1,2(7),0.6,1,0.1,6.39,1,1,0.4,-,0.8,0.2,0.1,0.2,0.1,0.1,-,-,0.7,-,-,1,0.6,10.3,78%,69%,1.4,44%,11%,-,78%,69%,86%,86%,11%,-,-,-
1,3(1),-,-,0.5,6.48,-,0.3,0.3,-,0.5,-,-,0.3,0.5,1,0.3,0.3,0.8,-,-,-,-,33,77%,74%,2.8,100%,-,-,77%,74%,76%,82%,-,27%,-,-
2,7,-,-,2.4,5.97,-,0.1,-,-,0.1,0.9,-,1,1,3.6,1.1,0.6,1.6,1,-,-,-,42,87%,60%,2.9,-,-,-,87%,60%,86%,94%,-,41%,-,100%
1,4(7),0.1,-,0.5,6.41,-,0.1,-,-,0.2,0.5,-,1.3,0.9,0.4,0.1,-,0.5,-,-,-,0.1,28.5,89%,77%,3.1,-,-,-,89%,77%,89%,97%,50%,47%,-,-
2,0(8),-,-,0.3,5.98,-,0.5,-,-,0.3,0.3,0.4,0.1,-,0.1,-,-,0.6,-,-,-,-,3.6,76%,56%,0.5,-,-,-,76%,56%,100%,100%,14%,-,-,-
0,0(4),-,-,-,6.02,-,-,-,-,-,-,-,-,-,-,-,-,0.5,-,-,-,-,1,100%,-,-,-,-,-,100%,-,100%,-,-,-,-,-
4,28,3.6,21,0.7,7.97,9,2.8,1,36%,1.9,2.4,0.1,1.4,0.7,0.5,-,-,1.1,-,13,21,3.6,63.9,80%,70%,5.4,35%,12%,36%,80%,70%,88%,91%,28%,70%,40%,-
1,7(4),1.5,4,0.5,7.42,9,3,1.7,75%,0.7,0.8,1,0.3,0.1,0.7,-,-,0.5,-,3,4,1.5,20.5,78%,70%,1.8,58%,27%,75%,78%,70%,87%,71%,75%,75%,100%,-
5,25,1.8,9,1.1,7.53,10,3.4,1.1,50%,3.2,3,0.2,0.8,0.2,0.2,0.1,0,2.1,2,6,9,1.8,31.6,74%,64%,3.6,33%,12%,50%,74%,64%,85%,86%,24%,73%,100%,2%
1,14(3),1.4,3,0.4,7.09,4,1.2,0.5,100%,0.6,0.9,-,1.5,0.6,0.8,0.1,-,1.1,-,2,3,1.4,51.8,85%,73%,7.6,38%,19%,100%,85%,73%,89%,94%,17%,66%,67%,-
1,23(2),0.4,-,1.1,6.75,1,0.5,0.1,20%,0.3,0.2,0,1.1,1.1,1.8,0.4,0.2,1.3,1,3,-,0.4,30.5,83%,74%,3.1,17%,8%,20%,83%,74%,86%,86%,38%,44%,-,6%
3,28,0,-,1.1,6.68,-,0.1,-,-,-,0.6,-,0.9,0.8,4.7,0.6,0.9,0.5,-,-,-,0,37.6,89%,62%,4.1,-,-,-,89%,62%,90%,93%,-,64%,-,-
4,24,1.8,9,0.8,6.83,1,1.3,0.3,-,0.3,1.9,0,1.3,0.6,0.5,0.2,0,1.3,-,6,9,1.8,47.1,83%,69%,5.1,27%,3%,-,83%,69%,91%,87%,28%,56%,-,-
2,8(21),0.5,5,1.4,6.76,7,1.1,0.4,83%,0.2,0.8,-,0.8,0.2,0.5,0.1,-,1.4,-,4,5,0.5,11.3,75%,67%,1.7,35%,23%,83%,75%,67%,80%,78%,21%,33%,-,-
2,12(6),0.8,3,0.7,6.61,1,0.4,0.2,-,0.3,0.8,0.1,0.9,0.3,0.7,-,-,1.4,-,2,3,0.8,21.8,81%,71%,3.1,38%,13%,-,81%,71%,85%,89%,26%,47%,-,-
1,15(2),0.8,3,0.9,6.8,4,1.2,0.6,67%,0.1,0.8,0.1,0.7,0.5,0.8,-,-,0.6,-,3,3,0.8,23.5,78%,61%,2.9,48%,19%,67%,78%,61%,86%,86%,16%,43%,100%,-
2,17(2),0.3,-,1.3,6.72,-,0.3,0.1,-,0.1,0.3,-,1.5,1.3,3.5,0.5,0.6,1.3,1,1,-,0.3,43.5,86%,75%,4.4,17%,-,-,86%,75%,88%,92%,33%,58%,-,50%
3,10(1),0.5,-,0.8,6.63,-,0.1,-,-,0.5,0.9,-,1.5,1,2.1,0.1,0.3,1,-,-,-,0.5,24.9,80%,64%,3.2,-,-,-,80%,64%,85%,79%,-,49%,-,-
6,23(3),0.2,1,1.9,6.83,2,0.5,0.1,100%,0.2,0.5,-,2,1.4,1.5,0.2,-,1.2,-,1,1,0.2,36,84%,71%,4,25%,17%,100%,84%,71%,86%,92%,-,50%,-,-
3,14(5),0.1,-,0.7,6.61,-,0.1,-,-,0.1,0.4,-,1.4,1,2.7,0.4,0.3,1,-,1,-,0.1,31.4,86%,50%,3.1,-,-,-,86%,50%,87%,93%,-,47%,100%,-
3,24(2),0.4,-,1.5,6.81,-,0.5,0.1,-,0.4,0.6,0,1.2,0.7,3.5,0.3,0.3,1,-,-,-,0.4,36.7,86%,76%,5,15%,-,-,86%,76%,88%,91%,31%,54%,-,-
3,10(1),0.2,1,1.1,6.68,-,0.4,0.1,-,0.6,1.7,-,1.7,1.4,0.5,0.3,-,1.5,-,-,1,0.2,26,85%,71%,2.8,25%,-,-,85%,71%,90%,91%,33%,42%,-,-
4,15(4),0.4,3,1.3,6.64,2,0.6,0.2,40%,0.1,0.4,0.3,0.9,0.6,1.3,0.2,0.2,0.8,-,2,3,0.4,25.5,81%,65%,2.8,36%,18%,40%,81%,65%,87%,92%,24%,35%,-,-
6,16(1),0.2,2,3.4,6.57,3,1,0.4,67%,0.1,0.9,-,1.5,1.2,3.3,0.5,0.5,2.4,1,1,2,0.2,38.5,72%,46%,2.8,35%,18%,67%,72%,46%,74%,85%,22%,50%,-,13%
3,11(7),0.3,1,0.7,6.57,-,0.3,0.1,-,0.3,1.2,-,1.4,1.1,0.5,0.2,-,1.6,-,1,1,0.3,25.3,89%,80%,2.7,20%,-,-,89%,80%,91%,93%,33%,70%,-,-
0,0(5),-,-,0.2,6.13,-,-,-,-,-,-,-,1,0.4,-,-,-,0.6,-,-,-,-,4.2,71%,67%,0.6,-,-,-,71%,67%,78%,67%,-,60%,-,-
0,0(7),-,-,-,6.05,-,-,-,-,0.1,0.3,-,0.1,0.1,0.3,-,-,0.6,-,-,-,-,2.4,71%,60%,0.3,-,-,-,71%,60%,70%,100%,-,-,-,-
0,0(1),-,-,-,6.01,-,-,-,-,-,-,-,-,-,-,-,-,1,-,-,-,-,4,100%,100%,-,-,-,-,100%,100%,100%,-,-,-,-,-
0,0(1),-,-,-,6.04,-,-,-,-,-,-,-,-,-,1,-,-,-,-,-,-,-,2,50%,-,-,-,-,-,50%,-,-,100%,-,-,-,-
0,0(1),-,-,-,6.11,-,-,-,-,-,-,-,-,-,-,-,1,-,-,-,-,-,3,100%,-,-,-,-,-,100%,-,100%,100%,-,-,-,-
0,0(2),-,-,-,6.1,-,-,-,-,-,-,-,-,1,-,-,-,-,-,-,-,-,4,75%,75%,0.5,-,-,-,75%,75%,67%,100%,-,-,-,-
0,0(6),-,-,0.2,6.08,-,-,-,-,0.2,0.3,0.2,0.3,-,-,-,-,0.5,-,-,-,-,1.8,91%,-,0.8,-,-,-,91%,-,90%,100%,-,100%,-,-
0,0(1),-,-,1,6.17,-,-,-,-,-,-,-,-,-,-,-,-,-,-,-,-,-,5,80%,-,1,-,-,-,80%,-,100%,100%,-,-,-,-
0,0(1),-,-,1,6.58,-,-,-,-,-,-,-,2,1,-,-,-,-,-,-,-,-,4,75%,50%,2,-,-,-,75%,50%,100%,100%,-,-,-,-
2,30,1.5,7,0.3,7.45,18,2.5,1.1,75%,2.1,2.2,1,0.7,0.1,0.1,-,-,1.4,-,9,7,1.5,29.4,84%,78%,3.2,43%,24%,75%,84%,78%,91%,94%,19%,71%,71%,-
2,6(4),0.3,-,4.5,7.32,6,1.2,0.9,100%,0.2,1.6,0.1,0.5,0.3,0.6,0.2,-,1.6,-,-,-,0.3,22.2,68%,50%,2.1,75%,50%,100%,68%,50%,83%,83%,-,56%,-,-
9,18(11),0.3,-,0.6,6.49,1,1.1,0.2,-,0.7,1.1,0,1.6,0.6,0.6,0.3,-,1.1,2,1,-,0.3,21.9,77%,60%,4.8,19%,3%,-,77%,60%,81%,92%,29%,53%,-,9%
4,24,1.5,6,0.7,7.34,12,3.9,1.3,60%,1.2,2.6,0.5,0.3,0.1,0,0.1,-,0.8,-,3,6,1.5,21.3,80%,75%,2.2,34%,13%,60%,80%,75%,87%,85%,17%,55%,-,-
7,28(1),1.1,6,0.9,7.09,5,1.4,0.7,33%,0.4,1.9,0.1,1.9,1.2,1.3,0.4,0,1.3,-,6,6,1.1,42.8,82%,69%,5.4,50%,12%,33%,82%,69%,88%,90%,25%,66%,50%,-
2,8(1),-,-,2.4,6.85,1,0.6,0.2,-,0.2,0.9,0.1,0.8,1,3.8,1,0.3,1.6,-,-,-,-,43,85%,56%,5.4,40%,20%,-,85%,56%,89%,88%,100%,60%,-,-
5,28,0.4,2,2.3,6.75,3,0.9,0.4,-,0.2,0.8,-,0.9,1.4,2.8,0.3,0.3,0.9,-,3,2,0.4,47.7,84%,59%,4.3,38%,12%,-,84%,59%,87%,92%,7%,51%,-,-
2,23(3),1.4,1,0.8,6.98,8,1.7,1,50%,0.6,1,0.1,1.3,0.5,0.4,0,-,1.3,-,3,1,1.4,33.7,80%,71%,4,60%,19%,50%,80%,71%,85%,93%,19%,61%,-,-
5,14(5),0.1,-,0.7,6.4,-,0.4,0.1,-,0.6,1.1,-,1.3,0.7,2.1,0.1,0.2,1.2,1,-,-,0.1,23.2,71%,62%,2.3,29%,-,-,71%,62%,73%,84%,4%,38%,-,7%
3,19(1),1.6,7,1.9,6.93,-,0.9,0.1,-,0.8,0.9,-,1.4,0.9,1.1,0.2,0.3,1.3,-,6,7,1.6,35.1,71%,57%,3.5,12%,-,-,71%,57%,77%,85%,27%,45%,100%,-
0,0(6),0.2,1,0.3,6.08,-,-,-,-,0.2,0.3,-,-,0.2,-,-,-,1,-,-,1,0.2,4,92%,80%,0.5,-,-,-,92%,80%,100%,100%,-,100%,-,-
2,2(5),0.1,-,0.1,6.18,1,0.4,0.3,-,0.3,0.3,-,0.3,0.1,-,-,0.1,0.9,-,-,-,0.1,10.1,79%,66%,1,67%,33%,-,79%,66%,86%,100%,-,40%,-,-
1,19(2),0.4,1,1.6,6.5,1,0.3,0.1,-,0.2,0.9,-,1.5,0.7,1.3,0.1,0.1,1.5,1,1,1,0.4,33,82%,73%,3.2,50%,17%,-,82%,73%,84%,89%,24%,39%,-,8%
4,15(7),0.7,-,0.6,6.6,-,0.8,0.1,-,0.8,1.5,0,1.1,0.8,0.3,0.3,0,1,-,1,-,0.7,25.3,84%,78%,3.2,17%,-,-,84%,78%,87%,88%,25%,57%,50%,-
6,16(7),0.5,-,0.4,6.39,-,0.3,-,-,0.2,0.6,-,1.3,1.3,0.6,0.2,-,1.4,-,-,-,0.5,33.9,88%,75%,3.5,-,-,-,88%,75%,91%,98%,33%,66%,-,-
3,19(2),0.4,-,1.2,6.35,-,0.4,0,-,0.3,0.4,-,0.9,0.9,1.5,0.6,0.2,1.3,-,-,-,0.4,36.8,80%,63%,5.1,13%,-,-,80%,63%,82%,90%,-,36%,-,-
0,7(4),0.9,2,0.2,6.59,1,0.5,0.1,-,1,0.5,-,0.5,0.3,0.2,-,-,0.2,-,1,2,0.9,17.6,84%,75%,1.5,20%,20%,-,84%,75%,91%,87%,50%,69%,-,-
3,13(3),0.2,-,1.9,6.41,-,0.2,-,-,0.1,0.4,-,0.8,0.6,2.3,0.3,0.2,1.3,-,-,-,0.2,29.2,82%,59%,2.3,-,-,-,82%,59%,83%,92%,-,46%,-,-
2,8(5),0.1,-,1.2,6.42,-,0.3,-,-,0.4,1.1,-,0.6,0.8,0.9,0.2,0.2,1.2,-,-,-,0.1,31.4,83%,78%,2.3,-,-,-,83%,78%,86%,85%,29%,40%,-,-
2,5(2),-,-,1.4,5.93,-,0.1,-,-,0.1,0.7,-,0.7,0.7,0.4,0.3,0.1,2.1,1,-,-,-,19.7,78%,71%,1.4,-,-,-,78%,71%,77%,92%,-,38%,-,20%
2,0(8),0.5,-,0.4,6.15,-,0.3,0.1,-,-,0.1,0.1,0.5,0.3,0.1,-,-,1,-,-,-,0.5,3.5,64%,50%,0.3,50%,-,-,64%,50%,80%,100%,-,-,-,-
1,1(1),-,-,0.5,6.53,-,-,-,-,-,1,-,1.5,1,-,-,-,2,-,-,-,-,15.5,81%,29%,2,-,-,-,81%,29%,95%,100%,-,33%,-,-
0,0(1),-,-,-,6,-,-,-,-,-,-,-,-,-,-,-,-,-,-,-,-,-,-,-,-,-,-,-,-,-,-,-,-,-,-,-,-
2,20(1),0.7,4,1.1,7.4,12,3.6,1.4,54%,1.9,1.9,0.5,0.5,0.1,0.4,-,-,1,-,4,4,0.7,23.7,82%,78%,2.9,40%,16%,54%,82%,78%,86%,90%,12%,62%,33%,-
3,22,0.6,-,4.4,7.32,8,2.1,1.1,63%,0.2,0.7,0.2,1.4,1,2.5,0.4,0,2.1,1,3,-,0.6,48.3,85%,73%,6.6,52%,17%,63%,85%,73%,88%,96%,-,64%,-,4%
1,7,0.1,1,4.6,6.86,-,0.1,-,-,-,0.1,-,1.9,1.4,4.1,0.7,1,1.1,-,-,1,0.1,60.1,82%,46%,8,-,-,-,82%,46%,84%,96%,-,51%,-,-
2,24(1),1.7,5,6.2,7.79,17,3.4,1.7,78%,0.4,1.5,0.1,0.2,0,1.2,0,-,1,-,4,5,1.7,29.4,75%,66%,2.4,50%,20%,78%,75%,66%,82%,92%,50%,74%,-,-
0,5(3),1.4,1,0.9,6.85,1,1.5,0.8,50%,0.5,0.6,-,0.6,0.3,0.9,0.6,-,1.1,-,1,1,1.4,36,83%,74%,4,50%,8%,50%,83%,74%,87%,95%,67%,59%,-,-
0,10(9),0.9,5,0.1,6.8,2,1.1,0.4,-,0.7,0.6,0.1,1.4,0.4,0.1,-,-,0.7,-,5,5,0.9,24.1,81%,77%,3.6,33%,10%,-,81%,77%,83%,86%,29%,54%,100%,-
1,11(4),1.7,3,0.3,6.68,-,0.5,0.1,-,0.3,0.9,0.1,1.9,0.5,0.7,0.3,0.1,1.3,-,1,3,1.7,33.7,84%,78%,5.5,13%,-,-,84%,78%,88%,92%,35%,68%,-,-
2,20(3),2.3,7,0.9,7.21,1,0.6,0.2,-,1.2,1,0,1.9,1,0.6,0.3,-,1.1,-,5,7,2.3,45.9,86%,76%,6.3,29%,7%,-,86%,76%,91%,95%,46%,64%,-,-
1,23(2),0.8,-,1.4,6.9,-,0.4,0.1,-,0.8,0.6,-,2.2,1.4,1.8,0.3,0.2,1,1,1,-,0.8,38.3,81%,72%,4.9,22%,-,-,81%,72%,81%,89%,30%,51%,-,5%
1,8(9),1,6,0.3,6.7,1,0.9,0.2,-,0.8,0.8,0.2,1.3,0.4,0.4,0.1,-,0.9,-,4,6,1,18.2,80%,73%,3,25%,6%,-,80%,73%,83%,87%,24%,38%,-,-
0,20(3),0.4,1,0.5,6.58,-,0.2,0,-,0.3,0.4,-,1.3,1.2,1.7,0.1,0.2,0.6,1,-,1,0.4,35,82%,74%,4.7,20%,-,-,82%,74%,84%,90%,25%,48%,100%,10%
0,12(5),0.6,2,0.4,6.7,4,0.9,0.2,50%,0.6,0.9,0.2,0.9,-,0.4,-,-,0.5,-,3,2,0.6,15,80%,76%,2.5,25%,25%,50%,80%,76%,84%,81%,25%,50%,-,-
4,15(4),0.2,-,2,6.63,-,0.5,0.1,-,-,0.6,-,0.9,1.1,4,1.2,0.2,0.9,1,-,-,0.2,30.5,83%,58%,3.3,22%,-,-,83%,58%,85%,93%,67%,51%,-,100%
1,16,0.4,-,1.4,6.8,-,0.1,-,-,0.1,0.7,-,2.5,0.8,3.6,0.6,0.1,1.1,-,1,-,0.4,32.3,84%,69%,4.8,-,-,-,84%,69%,86%,90%,45%,53%,-,-
0,7(8),0.1,1,1.7,6.32,-,0.9,0.3,-,0.1,1.2,0.1,0.4,0.1,0.1,0.1,-,1.1,-,1,1,0.1,6.8,63%,51%,1,36%,-,-,63%,51%,65%,100%,-,100%,-,-
4,14(6),2.1,6,0.5,6.62,2,1.1,0.4,-,0.5,0.8,-,1.2,0.7,0.7,0.2,-,1,1,1,6,2.1,35.6,79%,67%,3,32%,9%,-,79%,67%,85%,88%,33%,55%,100%,4%
4,20,0.1,-,0.9,6.64,1,0.5,0.1,100%,0.3,0.4,-,2,1.7,4.2,0.6,0.6,1.6,-,1,-,0.1,31.1,77%,47%,3.9,11%,11%,100%,77%,47%,84%,86%,33%,46%,-,-
2,6(4),0.1,-,0.4,6.16,-,0.5,0.3,-,0.2,0.5,-,0.7,-,-,-,-,1.3,-,-,-,0.1,8.7,83%,71%,1,60%,-,-,83%,71%,89%,100%,10%,57%,-,-
2,7,0.3,-,1.7,6.56,-,-,-,-,0.4,1.6,0.1,1.7,0.4,1.1,0.3,0.3,1,-,-,-,0.3,44.4,80%,70%,4.6,-,-,-,80%,70%,83%,85%,37%,51%,-,-
1,3(1),0.5,1,0.3,6.5,-,0.5,0.3,-,0.5,0.8,-,0.8,0.5,1.3,-,0.3,1.8,-,1,1,0.5,27.3,73%,57%,2.3,50%,-,-,73%,57%,80%,88%,8%,50%,-,-
3,17(8),1,3,0.9,6.78,2,0.7,0.3,33%,0.6,0.7,0,1.4,1.2,1,0.2,0.1,1.3,-,3,3,1,25.5,80%,72%,3.2,39%,11%,33%,80%,72%,84%,88%,33%,41%,50%,-
0,0(2),1,1,-,6.49,-,-,-,-,0.5,0.5,-,-,-,-,-,-,0.5,-,1,1,1,6.5,92%,100%,1.5,-,-,-,92%,100%,100%,67%,29%,-,-,-
1,3(1),0.3,-,0.8,6.06,-,0.3,0.3,-,0.3,0.3,-,-,-,1,0.3,0.5,1.5,-,-,-,0.3,21.5,66%,69%,2.3,100%,-,-,66%,69%,73%,30%,17%,36%,-,-
1,5,-,-,1.4,6.62,-,0.2,-,-,0.4,1,-,1.6,1.2,1,0.6,0.2,1,-,-,-,-,37.8,87%,67%,3.6,-,-,-,87%,67%,94%,88%,-,67%,-,-
1,2,-,-,0.5,6.31,-,-,-,-,-,0.5,-,1,1,1.5,-,0.5,0.5,-,-,-,-,20.5,66%,63%,4,-,-,-,66%,63%,57%,90%,-,25%,-,-
2,7(9),0.7,1,0.6,6.66,2,0.9,0.3,50%,0.4,0.3,0.1,0.9,0.8,0.6,0.1,-,0.5,-,1,1,0.7,27.5,83%,71%,2.8,33%,13%,50%,83%,71%,86%,94%,55%,59%,-,-
0,4(3),0.1,1,0.3,6.08,-,0.3,-,-,0.1,0.4,0.1,0.3,-,0.1,-,-,0.9,-,-,1,0.1,5.3,70%,67%,0.6,-,-,-,70%,67%,65%,100%,40%,60%,-,-
0,0(7),0.4,1,0.6,6.25,-,0.3,0.1,-,0.3,0.1,-,0.3,-,0.1,-,-,0.7,-,1,1,0.4,4.1,76%,64%,0.9,50%,-,-,76%,64%,86%,75%,-,67%,-,-
0,0(1),-,-,-,5.95,-,-,-,-,-,-,-,-,-,-,-,-,-,-,-,-,-,2,100%,100%,-,-,-,-,100%,100%,100%,-,-,-,-,-
3,22(5),0.6,3,1.9,6.74,7,2.3,0.9,50%,0.9,1.6,0.1,0.7,0.1,0.8,0.1,-,1.6,-,2,3,0.6,18.4,72%,59%,2.8,39%,11%,50%,72%,59%,78%,90%,-,33%,75%,-
1,11(4),0.8,2,1.7,7.03,8,2.7,1.3,58%,1.1,2.1,0.2,0.2,0.2,0.8,0.1,0.1,1.8,-,3,2,0.8,18.5,83%,74%,2.4,50%,20%,58%,83%,74%,86%,100%,-,67%,100%,-
4,21(2),1.1,7,1.4,7.28,12,2.3,1.3,53%,1.8,3.1,0.4,0.7,0.3,1.1,0.1,-,1.3,1,4,7,1.1,24,77%,69%,3.7,55%,23%,53%,77%,69%,82%,89%,47%,46%,100%,1%
10,24,0.2,1,2.5,6.87,1,0.3,0.1,-,0.3,0.3,0,1.5,1.3,4.3,0.5,0.8,1.3,1,1,1,0.2,41.7,80%,51%,4.9,25%,13%,-,80%,51%,81%,94%,50%,41%,100%,17%
2,24(10),0.9,3,0.8,6.47,4,0.9,0.4,33%,0.7,0.3,0.1,1.2,0.7,0.5,0.1,-,1,1,2,3,0.9,33.8,89%,78%,4.7,47%,13%,33%,89%,78%,93%,93%,-,67%,67%,2%
6,28,0.5,2,1,6.72,2,0.4,0.1,67%,0.6,0.9,0.1,2.7,0.8,1.4,0.3,0.1,1.2,-,2,2,0.5,28.7,77%,67%,2.5,36%,18%,67%,77%,67%,79%,86%,22%,39%,-,-
2,24,0.1,-,1.4,6.61,-,0,-,-,0.2,0.4,-,1.7,1,4.3,0.8,0.4,0.8,1,-,-,0.1,46,82%,50%,3.3,-,-,-,82%,50%,83%,91%,-,35%,-,13%
2,18(4),1.2,5,0.4,6.89,6,1.2,0.6,50%,0.6,1.4,0.1,1.1,0.7,0.4,0,-,0.8,-,3,5,1.2,29,81%,70%,3.4,50%,23%,50%,81%,70%,87%,92%,21%,45%,20%,-
2,29(1),2,10,0.6,6.8,1,0.9,0.2,-,0.2,1.4,-,1,1,0.8,0.1,-,0.9,2,5,10,2,57.8,83%,66%,5.2,19%,4%,-,83%,66%,91%,94%,37%,49%,44%,12%
5,27,0.2,-,1.3,6.49,-,0.3,-,-,0.1,0.9,0,1.4,0.7,3.3,0.4,0.2,0.9,-,-,-,0.2,45.4,82%,63%,3.3,-,-,-,82%,63%,84%,93%,15%,45%,-,-
0,2(9),0.2,1,0.5,6.18,1,0.3,0.1,100%,-,0.6,0.1,-,0.1,0.3,-,-,0.5,-,1,1,0.2,4.7,75%,41%,1.3,33%,33%,100%,75%,41%,90%,100%,-,100%,-,-
1,14(6),1,5,0.3,6.48,-,0.4,0.1,-,0.3,1.4,0.1,1.5,0.4,0.8,0.1,0.1,1,-,2,5,1,27.6,81%,71%,2.9,13%,-,-,81%,71%,86%,89%,32%,43%,100%,-
2,11,0.1,1,1.8,6.82,1,0.8,0.2,-,-,1,-,1.4,1.4,4.9,0.8,0.3,0.8,-,1,1,0.1,45.9,85%,38%,2.3,22%,11%,-,85%,38%,90%,95%,-,39%,-,-
0,14(6),0.5,4,0.9,6.58,1,0.2,0.1,-,0.6,1.4,-,1.3,0.9,0.6,0.2,-,1.5,-,1,4,0.5,26.3,81%,71%,2.1,25%,25%,-,81%,71%,84%,93%,33%,42%,100%,-
1,19(4),0.3,1,1.3,6.53,1,0.3,0.1,50%,0.1,0.6,-,1.3,0.9,1.7,0.4,0,1,1,1,1,0.3,37.2,86%,74%,3.6,43%,14%,50%,86%,74%,87%,91%,50%,63%,-,8%
0,4(9),0.3,-,0.4,6.22,-,0.3,0.1,-,0.1,0.5,0.2,0.7,0.1,0.4,-,-,0.2,-,-,-,0.3,4.8,78%,67%,0.8,25%,-,-,78%,67%,84%,71%,33%,75%,-,-
2,4(9),0.4,-,0.2,6.17,-,0.1,-,-,0.2,0.5,-,0.5,0.1,0.3,0.1,-,0.3,-,1,-,0.4,9,79%,71%,1,-,-,-,79%,71%,77%,93%,-,31%,-,-
1,1,-,-,2,6.84,-,-,-,-,-,-,-,5,-,2,-,-,1,-,-,-,-,66,92%,40%,6,-,-,-,92%,40%,95%,100%,-,50%,-,-
0,2(4),-,-,0.5,6.36,-,-,-,-,-,0.3,-,0.5,0.5,2.7,0.3,0.5,0.3,-,-,-,-,15.2,91%,-,0.3,-,-,-,91%,-,90%,100%,-,63%,-,-
0,1,-,-,1,6.27,-,1,-,-,1,2,-,-,-,-,-,-,2,-,-,-,-,58,84%,67%,4,-,-,-,84%,67%,90%,100%,20%,33%,-,-
0,4(2),0.2,-,0.3,6.17,1,0.7,0.2,-,-,-,-,-,-,-,-,-,0.2,-,-,-,0.2,3.7,73%,67%,0.5,25%,25%,-,73%,67%,80%,67%,-,50%,-,-
0,1,-,-,-,5.98,-,1,-,-,-,1,-,1,-,1,-,-,1,-,-,-,-,29,83%,60%,-,-,-,-,83%,60%,93%,100%,-,33%,-,-
4,30,2,9,0.3,7.14,9,1.7,0.8,38%,1.8,3.7,0.8,0.5,0.4,0.1,-,0,1.2,-,9,9,2,27.4,82%,76%,4.1,46%,18%,38%,82%,76%,89%,85%,27%,63%,-,-
5,17(5),0.8,3,1.8,7.22,13,3.8,1.4,80%,1,1.4,0,0.7,0.3,0.5,0,-,1.5,-,2,3,0.8,16.3,69%,62%,1.9,37%,15%,80%,69%,62%,73%,94%,20%,62%,-,-
6,26,1.3,4,6.7,7.44,12,2.9,1,38%,0.3,3.6,0.1,1,0.3,1,0.3,-,3.2,-,2,4,1.3,30.3,63%,51%,3.6,33%,16%,38%,63%,51%,76%,82%,25%,51%,100%,-
2,13(1),0.3,1,1.5,6.52,-,0.7,0.1,-,0.1,0.4,-,0.7,2,3.5,0.3,0.4,0.9,-,-,1,0.3,34.1,87%,60%,3.4,10%,-,-,87%,60%,87%,97%,33%,53%,-,-
0,8(15),0.1,-,0.8,6.23,1,0.2,0,33%,0.2,0.5,0,0.6,0.3,0.3,0.1,-,0.3,-,-,-,0.1,5.4,64%,57%,0.9,25%,25%,33%,64%,57%,66%,75%,10%,20%,-,-
0,1(3),0.3,-,1.3,6.15,-,1,0.3,-,0.3,0.5,-,0.5,-,0.3,-,-,0.5,-,-,-,0.3,11.8,68%,75%,1,25%,-,-,68%,75%,59%,100%,-,100%,-,-
2,25(1),0.5,1,3.9,6.83,4,1.4,0.4,67%,0.5,0.7,0.2,1.1,1,1.9,0.2,0.2,1.6,-,1,1,0.5,34.3,79%,62%,3.2,30%,11%,67%,79%,62%,82%,91%,29%,54%,100%,-
1,27,0.2,-,2.4,6.61,-,0.2,0.1,-,0.1,0.6,-,1.1,0.9,4.1,0.6,0.5,0.6,1,-,-,0.2,47.7,84%,61%,4.8,50%,-,-,84%,61%,85%,95%,50%,59%,-,9%
6,26,1,4,1.1,6.84,-,0.4,0.1,-,0.5,0.8,0,2.2,1.4,1.8,0.2,0.2,1.2,1,5,4,1,48.5,83%,73%,5.1,27%,-,-,83%,73%,84%,90%,30%,50%,-,4%
3,13(7),0.4,1,0.2,6.21,-,0.2,0.1,-,0.1,0.6,-,0.8,0.7,0.5,0.1,0.1,0.3,1,-,1,0.4,30.1,87%,69%,3.7,33%,-,-,87%,69%,90%,99%,21%,68%,100%,50%
1,4(2),0.2,-,2.5,6.69,-,0.5,0.2,-,0.3,0.7,-,1.3,1.8,2.7,0.7,0.2,1,-,-,-,0.2,29,78%,53%,2.7,33%,-,-,78%,53%,75%,95%,-,25%,-,-
0,1(15),0.1,-,0.2,6.06,-,0.1,0.1,-,-,0.3,-,0.1,0.2,-,-,-,0.1,-,-,-,0.1,3.4,64%,45%,0.8,100%,-,-,64%,45%,73%,86%,-,38%,-,-
0,4(3),0.4,-,0.4,6.2,-,1.4,0.3,-,0.4,1.1,-,0.6,0.3,0.7,-,-,1,-,-,-,0.4,17.7,80%,65%,2.9,20%,-,-,80%,65%,86%,93%,9%,43%,-,-
0,4(2),1,-,0.5,6.51,-,0.7,-,-,1,1.5,-,1.7,0.8,-,-,-,0.8,-,-,-,1,20.5,87%,78%,3,-,-,-,87%,78%,91%,96%,36%,89%,-,-
0,3,1,-,0.3,6.29,-,1,-,-,1.3,1.7,0.3,1,-,0.3,-,-,0.7,-,-,-,1,26.7,78%,67%,2.7,-,-,-,78%,67%,87%,63%,31%,25%,-,-
1,16(1),0.7,-,0.8,6.7,-,0.6,0.3,-,0.5,0.3,-,1.3,0.8,2.5,0.2,0.1,0.8,-,1,-,0.7,31.9,76%,66%,3.8,45%,-,-,76%,66%,79%,88%,6%,41%,-,-
3,19(5),0.9,2,0.5,6.53,-,0.7,0.2,-,0.5,0.6,0.1,1.3,0.7,1.2,0.1,0,0.8,-,2,2,0.9,26.3,75%,61%,2.8,31%,-,-,75%,61%,82%,85%,20%,49%,-,-
0,0(1),-,-,1,6.25,-,-,-,-,-,1,-,1,-,-,-,-,-,-,-,-,-,10,70%,-,2,-,-,-,70%,-,83%,67%,-,-,-,-
1,0(1),-,-,-,6.25,-,-,-,-,-,-,-,-,-,4,-,-,2,-,-,-,-,9,67%,50%,3,-,-,-,67%,50%,80%,50%,-,-,-,-
0,1(5),0.3,1,-,6.09,-,0.2,-,-,0.2,0.2,-,0.2,0.5,0.2,0.2,-,0.3,-,-,1,0.3,4.3,81%,100%,0.5,-,-,-,81%,100%,67%,100%,14%,50%,-,-
0,0(2),-,-,0.5,6.06,-,-,-,-,0.5,-,-,-,-,-,-,-,-,-,-,-,-,6.5,92%,100%,-,-,-,-,92%,100%,100%,67%,-,100%,-,-
0,0(1),-,-,-,6.01,-,-,-,-,-,-,-,1,-,-,-,-,1,-,-,-,-,2,-,-,1,-,-,-,-,-,-,-,-,-,-,-
1,0(2),-,-,-,5.96,-,-,-,-,-,-,-,1,-,-,-,-,1,-,-,-,-,4.5,78%,50%,-,-,-,-,78%,50%,100%,-,-,-,-,-
1,21(4),1.4,4,0.6,7.02,8,2.1,0.9,60%,1.4,2.3,0.4,0.8,0.1,0.2,-,-,1.2,-,6,4,1.4,20.5,78%,71%,3.2,42%,15%,60%,78%,71%,87%,83%,20%,59%,-,-
0,1,-,-,2,7.71,1,1,1,-,1,3,-,1,-,1,-,-,2,-,-,-,-,4,50%,33%,2,100%,100%,-,50%,33%,100%,-,-,-,-,-
2,15,1.5,8,6.7,7.54,6,2.9,0.9,60%,1.2,2.7,0.6,0.3,0.2,1.2,0.2,0.1,2.5,-,4,8,1.5,23.1,54%,47%,3.2,33%,14%,60%,54%,47%,64%,79%,-,55%,-,-
5,19(2),0.6,4,1.4,7,10,2.8,1.2,90%,1.8,2.2,0.4,0.3,0.1,0.6,0.1,-,2,-,3,4,0.6,12.6,66%,52%,2.4,44%,17%,90%,66%,52%,81%,94%,-,64%,100%,-
3,26,2.3,7,0.9,7.48,7,1.9,0.9,50%,1.6,3,0.2,1.9,1.3,0.4,0.2,-,1.6,-,5,7,2.3,39,74%,62%,8.5,48%,14%,50%,74%,62%,82%,87%,27%,53%,60%,-
6,25(1),1.2,3,0.9,6.77,2,0.6,0.2,50%,0.2,1.1,0,2.5,1.2,1.3,0.4,0,2,2,3,3,1.2,34.5,76%,64%,4.8,38%,13%,50%,76%,64%,80%,88%,32%,41%,100%,8%
6,25,0.6,2,1,6.55,1,0.4,0.1,-,0.2,0.6,-,1.3,0.6,3.7,0.5,0.2,1,-,2,2,0.6,32.9,79%,60%,4.8,33%,11%,-,79%,60%,83%,93%,6%,48%,-,-
4,21(1),0.2,-,2.9,6.51,1,0.5,0.1,100%,0.2,0.8,0,1.2,1.1,3.8,0.7,0.1,1.3,1,-,-,0.2,25.8,74%,53%,3.6,30%,10%,100%,74%,53%,73%,89%,-,46%,-,17%
3,10(17),0.4,2,0.4,6.13,-,0.4,-,-,0.4,0.4,0.1,0.5,0.3,0.6,-,-,1.4,-,-,2,0.4,10.2,64%,60%,2.3,-,-,-,64%,60%,62%,86%,9%,32%,-,-
2,26(2),0.2,-,2.5,6.53,1,0.5,0.2,-,0.1,0.6,0.1,0.9,0.8,3.9,0.4,0.3,1.1,-,-,-,0.2,28.8,68%,44%,2.9,43%,7%,-,68%,44%,73%,84%,25%,32%,-,-
8,25,0.4,2,1.2,6.29,-,0.4,0.2,-,0.3,1.4,-,1.3,1.1,3.5,0.6,0.3,2,2,1,2,0.4,29.8,71%,58%,4.2,44%,-,-,71%,58%,75%,78%,35%,36%,-,10%
1,6(6),0.2,-,0.8,6.21,-,-,-,-,-,0.5,-,0.7,0.8,2,0.3,0.2,0.9,-,-,-,0.2,13.8,77%,56%,1.4,-,-,-,77%,56%,82%,88%,-,41%,-,-
2,8(2),0.3,-,0.2,6.2,-,0.1,-,-,0.3,0.4,0.1,1.8,0.7,0.5,0.1,0.3,0.9,-,-,-,0.3,16.4,76%,65%,3.6,-,-,-,76%,65%,81%,77%,17%,50%,-,-
4,16(6),0.4,1,0.7,6.43,-,0.6,0.1,-,0.7,0.6,0,1.4,0.5,0.9,0.2,-,1.2,-,1,1,0.4,16.2,68%,56%,3,23%,-,-,68%,56%,72%,83%,31%,37%,-,-
3,12(2),0.2,-,0.5,6.26,-,0.2,-,-,0.1,0.5,-,0.6,0.4,1.9,0.1,-,0.6,-,-,-,0.2,22.6,74%,55%,4.4,-,-,-,74%,55%,82%,83%,38%,40%,-,-
0,7(7),0.3,-,0.4,6.24,-,0.3,0.1,-,0.1,0.6,-,1.2,0.6,0.6,-,-,1.4,-,-,-,0.3,17.7,77%,68%,2.7,25%,-,-,77%,68%,80%,85%,-,52%,-,-
0,0(1),-,-,-,6.03,-,-,-,-,-,-,-,-,-,-,-,-,-,-,-,-,-,-,-,-,-,-,-,-,-,-,-,-,-,-,-,-
0,0(2),0.5,-,-,6.47,-,-,-,-,0.5,1.5,-,1.5,1,0.5,-,-,0.5,-,-,-,0.5,8,63%,50%,3.5,-,-,-,63%,50%,67%,67%,50%,-,-,-
1,7,0.3,-,0.3,6.25,-,0.1,-,-,-,0.7,-,1.4,1.6,1.6,0.1,0.1,1.4,-,-,-,0.3,24.6,76%,69%,2.6,-,-,-,76%,69%,71%,95%,-,48%,-,-
0,1(1),0.5,1,-,7.39,1,2.5,0.5,-,0.5,2,-,4,1,0.5,-,-,1.5,-,-,1,0.5,14.5,76%,63%,2.5,20%,20%,-,76%,63%,78%,100%,100%,-,-,-
0,7(1),0.3,-,1.1,6.39,-,0.1,-,-,0.4,0.4,-,0.6,1.9,4.8,0.4,0.5,0.8,-,-,-,0.3,26.3,72%,65%,4.9,-,-,-,72%,65%,71%,79%,100%,43%,-,-
0,3(1),0.3,-,-,6.39,-,0.5,-,-,0.3,0.5,-,2.5,1,2.3,-,0.3,1.3,-,-,-,0.3,16.8,64%,58%,4.3,-,-,-,64%,58%,63%,77%,-,22%,-,-
0,0(4),-,-,-,6.05,-,-,-,-,0.3,0.3,-,-,-,-,-,-,-,-,-,-,-,3,92%,83%,-,-,-,-,92%,83%,100%,100%,-,-,-,-
0,0(3),-,-,-,6.02,-,-,-,-,-,0.3,0.3,-,-,0.3,-,-,0.3,-,-,-,-,1.3,50%,-,-,-,-,-,50%,-,50%,100%,-,-,-,-
0,0(5),0.2,-,-,6.14,-,0.4,0.2,-,0.2,-,-,0.2,-,-,-,-,0.4,-,-,-,0.2,6.6,85%,64%,0.8,50%,-,-,85%,64%,100%,75%,-,100%,-,-
0,7(4),1.2,1,3.1,6.86,5,2.8,1.1,50%,0.5,0.6,0.5,0.4,0.1,0.4,-,0.1,1,-,3,1,1.2,21.2,72%,60%,2.6,39%,16%,50%,72%,60%,81%,100%,50%,60%,-,-
2,28,1.8,4,0.5,6.91,2,2,0.5,-,0.9,0.5,0.1,1,0.5,1.2,0.1,-,0.6,1,1,4,1.8,57.6,84%,74%,5.7,25%,4%,-,84%,74%,90%,88%,27%,67%,100%,4%
0,29(3),2.6,11,0.6,7.5,6,2,0.8,-,2.3,1.1,0.1,1.3,0.9,0.3,-,-,0.6,-,8,11,2.6,39,82%,76%,4.6,42%,9%,-,82%,76%,88%,86%,24%,69%,33%,-
2,16(5),0.5,3,3.5,6.89,8,2.3,1,75%,0.7,2.3,0.3,0.4,0.3,0.8,-,-,1.9,-,1,3,0.5,14.8,69%,57%,2.1,41%,16%,75%,69%,57%,81%,94%,33%,25%,-,-
1,9(9),0.3,2,0.3,6.28,1,0.9,0.1,100%,0.5,0.7,0.1,0.4,0.2,0.2,0.1,-,0.7,-,1,2,0.3,14,78%,67%,2,6%,6%,100%,78%,67%,86%,91%,17%,64%,-,-
1,22(6),0.8,3,1,6.54,-,0.6,0.3,-,0.5,1.1,0.1,1.4,0.7,0.6,0.1,-,1.7,-,2,3,0.8,17.1,74%,66%,2.6,47%,-,-,74%,66%,83%,70%,19%,38%,-,-
2,21,0.9,3,0.5,6.55,-,0.3,-,-,1,0.9,0.3,1.3,1,1.2,0.1,0.1,0.9,-,3,3,0.9,31.6,81%,67%,3.1,-,-,-,81%,67%,86%,94%,25%,37%,-,-
2,16(2),0.2,1,1.4,6.44,1,0.2,0.1,100%,0.2,0.3,-,1.2,1.3,3.9,0.8,0.6,1.1,3,1,1,0.2,30.2,83%,49%,3.6,67%,33%,100%,83%,49%,86%,90%,-,38%,-,50%
4,17(5),0.5,-,1.2,6.39,-,0.4,0,-,0.3,0.6,0,1.1,0.9,1.5,0.1,0,1.4,-,-,-,0.5,33.8,82%,69%,4,11%,-,-,82%,69%,84%,90%,13%,51%,-,-
3,10(9),0.9,1,0.3,6.46,2,0.8,0.3,67%,0.6,0.8,0.2,0.8,0.5,0.3,0.1,0.1,1,-,1,1,0.9,19.7,76%,68%,3.1,40%,13%,67%,76%,68%,82%,92%,17%,43%,-,-
3,16(1),0.5,-,0.8,6.5,-,0.2,-,-,0.2,0.5,0.1,1.4,1.4,2.5,0.3,0.3,1.4,-,-,-,0.5,24.6,76%,55%,2.6,-,-,-,76%,55%,80%,91%,33%,35%,-,-
0,0(3),0.3,1,1.7,6.35,-,2,0.7,-,0.7,0.3,0.3,0.3,-,-,-,-,1,-,-,1,0.3,8.7,77%,75%,0.3,33%,-,-,77%,75%,76%,100%,-,67%,-,-
0,4(1),0.2,-,0.6,6.06,-,0.4,0.2,-,0.6,-,-,2,1,0.4,-,-,1.6,-,-,-,0.2,45.2,82%,69%,3.8,50%,-,-,82%,69%,89%,95%,10%,48%,-,-
0,7(1),0.5,1,0.8,6.59,-,0.6,0.1,-,0.6,1.1,0.1,1.6,2.1,0.5,0.1,-,1.6,-,1,1,0.5,32.8,79%,70%,3.9,20%,-,-,79%,70%,85%,77%,17%,37%,-,-
3,8(7),0.4,-,0.9,6.28,1,0.5,0.1,100%,0.2,0.4,-,0.6,0.7,1.4,0.1,0.1,1.5,-,-,-,0.4,18.9,80%,66%,2,14%,14%,100%,80%,66%,85%,83%,33%,41%,-,-
0,1(4),0.4,1,0.2,6.14,1,0.6,0.4,-,0.2,-,-,0.4,0.4,-,0.2,-,0.6,-,-,1,0.4,6.4,75%,69%,1.2,67%,33%,-,75%,69%,86%,50%,-,100%,-,-
0,0(1),-,-,-,6.72,-,1,-,-,2,-,-,-,3,-,-,-,1,-,-,-,-,13,69%,57%,2,-,-,-,69%,57%,100%,50%,-,67%,-,-
1,8,0.1,-,1.6,6.3,-,0.1,-,-,0.1,0.8,0.1,1,1.1,4.4,0.5,0.3,1.3,-,-,-,0.1,24,79%,48%,4,-,-,-,79%,48%,82%,86%,-,47%,-,-
4,17,0.2,1,1.3,6.43,1,0.2,0.1,-,0.1,0.6,-,2.1,1.1,3.6,0.6,0.5,1,2,1,1,0.2,29.6,87%,59%,4.8,33%,33%,-,87%,59%,90%,87%,-,57%,-,40%
1,1(1),-,-,1,6.95,1,0.5,0.5,100%,-,-,-,-,0.5,2.5,1,-,1,-,-,-,-,22.5,80%,71%,3,100%,100%,100%,80%,71%,83%,78%,-,33%,-,-
2,1(12),0.1,-,0.2,6.09,1,0.2,0.2,50%,-,-,-,0.4,-,0.3,0.1,0.1,0.6,-,-,-,0.1,2.6,50%,50%,0.4,100%,33%,50%,50%,50%,50%,50%,75%,-,-,-
5,23,0.4,1,0.9,6.56,-,0.8,0,-,0.5,1,-,1.5,1.2,1.3,0.1,-,1.6,-,3,1,0.4,45.5,88%,79%,5.1,5%,-,-,88%,79%,90%,94%,22%,63%,-,-
0,0(2),0.5,-,0.5,6.22,-,0.5,-,-,0.5,1.5,-,-,-,-,-,-,0.5,-,-,-,0.5,7,79%,63%,0.5,-,-,-,79%,63%,100%,100%,100%,-,-,-
0,7(2),0.3,-,0.7,6.42,-,0.6,-,-,0.6,0.8,-,1.1,0.8,0.6,-,-,1.7,-,-,-,0.3,27.4,79%,64%,3.9,-,-,-,79%,64%,87%,79%,-,60%,100%,-
1,0(1),-,-,-,5.9,-,-,-,-,-,-,-,1,-,-,-,-,1,-,-,-,-,5,40%,-,1,-,-,-,40%,-,50%,33%,-,-,-,-
0,0(1),-,-,1,6.06,-,-,-,-,-,1,-,-,-,-,-,-,-,-,-,-,-,5,60%,50%,-,-,-,-,60%,50%,100%,-,-,-,-,-
0,0(1),-,-,-,5.99,-,-,-,-,-,-,-,-,-,-,-,-,1,-,-,-,-,3,100%,100%,-,-,-,-,100%,100%,100%,-,-,-,-,-
0,3,0.3,-,1.3,5.87,-,-,-,-,0.3,1,-,1.7,1.7,1,-,-,0.7,-,-,-,0.3,28,76%,50%,4,-,-,-,76%,50%,84%,91%,-,20%,-,-
1,8(8),0.5,-,0.9,6.38,-,0.9,0.2,-,0.3,0.6,0.1,0.8,0.6,0.8,0.1,-,0.9,-,1,-,0.5,18.5,71%,60%,1.6,20%,-,-,71%,60%,78%,86%,28%,27%,-,-
2,26,0.8,7,8.3,7.43,14,2.4,1,61%,0.7,2,0.3,0.5,0.2,1.9,0,-,1.6,-,2,7,0.8,24,60%,45%,2.2,44%,23%,61%,60%,45%,76%,88%,13%,29%,-,-
0,12(8),0.7,3,1.4,6.64,5,1.8,0.6,33%,0.4,1.2,0.4,0.7,0.4,0.5,0.1,-,0.8,-,2,3,0.7,12.9,76%,67%,1.2,34%,14%,33%,76%,67%,87%,83%,19%,70%,-,-
3,28,2.4,14,1.1,7.26,4,2.1,0.8,33%,1.7,2.5,0.1,1.4,0.7,0.7,0.1,-,1.4,-,7,14,2.4,44.6,77%,65%,5.2,40%,7%,33%,77%,65%,87%,93%,26%,47%,17%,-
1,3(7),-,-,0.3,6.19,-,0.5,0.1,-,1.1,1.6,0.3,0.4,-,-,-,-,0.2,-,-,-,-,6,90%,90%,0.8,20%,-,-,90%,90%,89%,100%,-,-,100%,-
0,22,1,4,1,7.29,5,2,1.1,67%,4.2,4.5,-,0.6,0.6,0.5,0.1,0.1,1.6,-,2,4,1,21.8,75%,63%,5.5,53%,11%,67%,75%,63%,84%,90%,10%,42%,75%,-
2,25(2),0.9,3,0.4,6.53,3,1.5,0.5,43%,1.1,1,0.2,0.8,0.6,0.2,-,0,1.2,-,2,3,0.9,15.9,74%,66%,3.4,35%,8%,43%,74%,66%,80%,79%,29%,34%,-,-
2,19(11),0.1,1,0.5,6.36,1,0.2,0.1,100%,0.3,0.3,0,1.4,0.9,1.4,0.3,0.3,0.8,1,-,1,0.1,18,74%,57%,3.5,29%,14%,100%,74%,57%,79%,76%,23%,31%,-,4%
3,29,0,-,1.4,6.31,-,0.2,-,-,0,0.4,0.1,0.9,0.8,4.2,0.7,0.6,0.9,-,-,-,0,19.9,79%,32%,2.3,-,-,-,79%,32%,81%,88%,-,30%,-,-
1,29,0.1,-,1.3,6.39,1,0.1,0.1,50%,0.2,0.3,-,1.1,0.7,4.3,0.8,0.8,1.1,2,-,-,0.1,24.6,81%,43%,4.1,75%,25%,50%,81%,43%,84%,87%,67%,45%,-,15%
6,17(2),0.1,-,1.9,6.45,-,0.5,0.1,-,0.1,0.9,-,1.3,0.8,2.1,0.7,0.2,2.3,-,-,-,0.1,24.8,76%,66%,4.1,22%,-,-,76%,66%,77%,87%,-,49%,-,-
8,24(1),0.3,1,1.1,6.58,1,0.5,0.1,-,0.4,2,-,1.4,1.3,2.4,0.4,0.4,1.2,-,-,1,0.3,31.2,81%,62%,3.6,17%,8%,-,81%,62%,86%,88%,22%,51%,-,-
3,26(2),0.5,2,1.5,6.55,2,0.4,0.1,-,0.5,1.1,0,1.6,1.5,1.4,0.1,0,1.3,1,2,2,0.5,29.6,81%,70%,4.2,36%,18%,-,81%,70%,84%,88%,29%,58%,-,5%
2,6(22),0.2,1,0.6,6.18,1,0.4,0.2,33%,0.1,0.5,0.1,0.6,0.1,0.1,0.1,0.1,0.6,-,-,1,0.2,5.9,75%,73%,0.7,42%,8%,33%,75%,73%,75%,83%,13%,21%,-,-
1,2(1),0.3,-,1.7,6.63,-,-,-,-,0.3,0.3,-,3,0.3,1.3,0.3,-,0.7,-,-,-,0.3,29.3,84%,86%,3,-,-,-,84%,86%,80%,93%,-,43%,-,-
0,3(1),-,-,1,6.32,-,0.5,-,-,-,0.3,-,0.5,2,2.8,0.8,1.3,0.5,-,-,-,-,22.3,75%,50%,4.8,-,-,-,75%,50%,77%,89%,-,42%,-,-
2,11(7),0.4,2,1.2,6.46,-,0.8,0.3,-,0.1,0.4,-,1.8,1.2,1.3,0.2,0.1,1.1,1,2,2,0.4,24.8,84%,77%,3.1,36%,-,-,84%,77%,84%,96%,-,63%,-,10%
0,4(8),0.1,-,1.1,6.33,-,0.1,-,-,0.1,0.3,-,0.8,0.8,1.5,0.4,-,0.6,-,-,-,0.1,12.8,76%,65%,1.2,-,-,-,76%,65%,76%,92%,17%,26%,-,-
0,1(3),-,-,0.3,5.98,-,0.3,-,-,-,0.3,0.3,-,-,-,-,-,0.3,-,-,-,-,1.5,67%,33%,-,-,-,-,67%,33%,100%,-,-,-,-,-
0,0(3),-,-,0.3,6.09,-,-,-,-,-,-,-,-,-,1,-,-,-,-,-,-,-,1.7,80%,100%,-,-,-,-,80%,100%,75%,-,-,100%,-,-
0,0(1),-,-,-,6,-,-,-,-,-,-,-,-,-,-,-,-,-,-,-,-,-,-,-,-,-,-,-,-,-,-,-,-,-,-,-,-
0,0(2),-,-,-,6.12,-,-,-,-,1,-,-,-,-,-,-,-,1,-,-,-,-,2,100%,-,-,-,-,-,100%,-,100%,-,100%,-,-,-
2,1(2),1,-,0.3,6.31,-,-,-,-,-,0.3,-,1,0.7,0.7,0.7,-,1.3,-,-,-,1,15.3,83%,47%,1.7,-,-,-,83%,47%,100%,100%,-,33%,-,-
0,0(6),0.2,1,-,6.04,-,-,-,-,-,0.2,-,-,-,0.2,-,-,-,-,-,1,0.2,2.7,63%,44%,1,-,-,-,63%,44%,86%,-,-,-,-,-
6,24(4),2.5,4,0.3,6.83,6,1.3,0.4,80%,1.6,1.8,0,1.1,0.7,0.3,0,-,0.8,-,-,4,2.5,33.1,79%,70%,5,30%,16%,80%,79%,70%,87%,83%,32%,54%,100%,-
0,5(6),0.8,1,0.3,6.43,3,1.9,0.5,67%,0.8,1.7,0.2,-,0.1,0.1,-,-,0.6,-,1,1,0.8,21.3,78%,68%,1.6,24%,14%,67%,78%,68%,89%,100%,23%,61%,-,-
2,35,0.3,1,4.9,7.13,5,0.8,0.3,100%,0.6,1.3,0,1.6,1.7,2.9,0.4,0.4,1.7,-,1,1,0.3,48.3,72%,46%,6.7,43%,18%,100%,72%,46%,76%,89%,100%,35%,100%,-
2,14(1),1.3,3,2.2,6.78,4,2.6,0.7,25%,1.1,0.6,0.4,0.5,0.3,0.3,-,0.1,0.9,-,-,3,1.3,21.9,78%,72%,1.4,26%,10%,25%,78%,72%,83%,93%,25%,73%,100%,-
1,20(6),0.8,6,5.1,7.32,11,3.9,1.4,50%,1.1,1.5,0.4,0.6,0,0.9,0.3,0,0.8,-,3,6,0.8,15,60%,49%,1.3,36%,11%,50%,60%,49%,80%,83%,27%,80%,-,-
1,6(2),0.5,1,0.6,6.46,-,0.5,-,-,1.1,1.4,-,0.9,0.8,0.3,0.1,-,0.5,-,-,1,0.5,37.4,88%,80%,3.3,-,-,-,88%,80%,89%,97%,-,66%,-,-
7,24(1),1.1,3,0.3,6.62,3,1,0.3,-,0.7,1.1,0.1,1.5,0.7,0.2,0.1,-,1.3,-,2,3,1.1,29.8,88%,76%,2.8,33%,13%,-,88%,76%,92%,97%,35%,63%,-,-
3,28(1),0.4,1,1.9,6.53,-,0.2,0,-,0.2,0.4,0.1,1.9,0.9,2.5,0.6,0.2,1.1,-,1,1,0.4,39.6,79%,65%,5.1,20%,-,-,79%,65%,82%,90%,25%,47%,-,-
1,24(5),0.7,2,1.3,6.66,10,2.1,0.9,32%,0.3,0.9,0.2,0.4,0.2,0.4,0.1,0,0.6,-,1,2,0.7,19.5,80%,73%,2,42%,16%,32%,80%,73%,86%,92%,23%,71%,100%,-
1,27,1.9,8,0.7,6.9,1,0.9,0.3,-,1,1.9,0,1.3,0.9,0.9,0.3,0.1,0.5,-,4,8,1.9,49.9,81%,72%,5.6,32%,4%,-,81%,72%,87%,86%,28%,52%,-,-
4,25,0.3,-,3.8,6.81,1,0.8,0.2,-,0.2,0.9,0,1.7,1.4,2.9,0.6,0.5,1.6,-,-,-,0.3,34.9,82%,61%,3.8,32%,5%,-,82%,61%,85%,88%,44%,58%,-,-
0,0(2),0.5,-,-,6.08,-,-,-,-,-,-,-,-,-,-,-,-,-,-,-,-,0.5,1,50%,-,-,-,-,-,50%,-,50%,-,100%,-,-,-
4,10(1),-,-,1,6.33,-,-,-,-,0.4,0.6,-,1.6,1.3,1.8,0.5,0.2,1.4,-,-,-,-,25.7,86%,59%,3.3,-,-,-,86%,59%,89%,90%,-,43%,-,-
3,10(3),0.1,1,1.3,6.31,-,0.2,-,-,-,0.2,-,1.1,0.7,2.5,0.4,0.7,1.2,-,-,1,0.1,29.9,86%,53%,3.4,-,-,-,86%,53%,90%,88%,-,51%,-,-
1,8(3),0.2,1,0.2,6.37,-,0.5,0.2,-,0.2,0.7,-,1.5,1.3,0.4,0.3,-,0.8,-,-,1,0.2,22.8,83%,74%,3.5,33%,-,-,83%,74%,87%,90%,29%,58%,-,-
3,14(1),0.5,2,0.7,6.29,-,-,-,-,0.1,0.4,-,0.8,1.2,1.5,0.1,0.3,1,-,-,2,0.5,31.7,81%,63%,3.1,-,-,-,81%,63%,86%,89%,24%,45%,-,-
3,10(3),0.5,-,0.8,6.42,-,-,-,-,0.1,0.5,-,1.8,0.8,2.1,0.3,0.2,0.8,-,-,-,0.5,25.3,80%,58%,2.6,-,-,-,80%,58%,85%,85%,23%,53%,-,-
0,5(1),-,-,2.8,5.74,-,-,-,-,-,0.7,-,1.2,0.5,2,-,0.2,1.5,-,-,-,-,41.2,81%,61%,3.3,-,-,-,81%,61%,85%,87%,-,61%,-,-
1,7(1),0.4,-,1,6.29,-,0.5,0.1,-,1,0.3,0.1,1.3,1.4,1.4,0.1,0.1,1.4,-,1,-,0.4,29.1,72%,55%,3.5,25%,-,-,72%,55%,75%,95%,7%,30%,-,-
0,2(7),0.3,1,0.6,6.37,-,0.3,0.1,-,0.4,0.6,-,0.7,0.3,0.2,-,-,0.6,-,1,1,0.3,9.1,74%,62%,1.3,33%,-,-,74%,62%,79%,90%,25%,38%,-,-
0,3(5),0.4,-,0.3,6.12,-,0.3,-,-,-,0.5,-,0.1,0.3,-,-,0.1,0.1,-,-,-,0.4,6.9,67%,62%,1.4,-,-,-,67%,62%,71%,100%,33%,25%,-,-
2,1(5),-,-,1.3,5.92,-,-,-,-,-,-,-,-,0.3,1.3,-,0.5,0.8,1,-,-,-,12.7,71%,38%,1.5,-,-,-,71%,38%,69%,95%,-,33%,-,100%
1,2(4),0.2,1,0.3,6.11,-,-,-,-,0.7,-,-,0.3,-,0.2,-,0.2,0.5,-,-,1,0.2,6,72%,60%,0.7,-,-,-,72%,60%,70%,100%,25%,-,-,-
0,0(2),-,-,-,6.66,1,0.5,0.5,100%,1,0.5,-,-,0.5,-,-,-,-,-,-,-,-,6,83%,89%,1,100%,100%,100%,83%,89%,50%,100%,-,100%,-,-
0,1(1),-,-,-,6.08,-,-,-,-,-,-,-,-,-,-,-,-,-,-,-,-,-,2.5,60%,100%,-,-,-,-,60%,100%,33%,-,-,-,-,-
2,27(1),1.9,8,0.8,7.56,29,5,2,60%,1.1,1.3,0.6,0.4,0.1,0.1,0.1,-,0.9,-,4,8,1.9,33.2,83%,77%,2.4,39%,21%,60%,83%,77%,91%,84%,33%,67%,33%,-
4,24(2),1.8,2,1,7.41,1,1,0.3,-,4.5,1.8,0.1,1.8,0.5,1.1,0.3,-,1.6,-,4,2,1.8,55.7,89%,83%,5.7,33%,4%,-,89%,83%,92%,95%,-,73%,-,-
3,24(2),2,10,0.2,7.28,13,3.6,1.4,47%,1.5,0.9,0.5,0.7,0.3,0.2,-,-,0.6,-,6,10,2,34.5,81%,70%,2.8,39%,14%,47%,81%,70%,91%,92%,23%,64%,31%,-
2,17(6),1.3,2,0.7,7.07,7,1.8,0.6,75%,1.8,2.1,0.1,1.1,0.4,0.3,-,-,1,-,3,2,1.3,23,84%,72%,3.8,32%,17%,75%,84%,72%,92%,98%,26%,63%,50%,-
6,28,1.5,8,0.5,6.85,-,0.5,0.2,-,1,0.8,0.1,2.6,0.9,1.3,0.1,-,0.9,-,10,8,1.5,45.6,89%,83%,5,38%,-,-,89%,83%,90%,95%,24%,51%,-,-
5,17(8),0.7,2,0.3,6.5,2,1,0.4,67%,0.9,0.9,0.1,1.4,0.6,0.8,0.2,0,1.6,-,2,2,0.7,28,84%,72%,3.2,38%,8%,67%,84%,72%,89%,92%,8%,61%,100%,-
4,20,0.8,1,1.3,6.85,-,0.1,-,-,1.1,1.6,0.2,2.5,1.9,1.9,0.2,0.2,1.1,-,1,1,0.8,41,83%,71%,4.2,-,-,-,83%,71%,86%,93%,25%,59%,100%,-
2,11(1),0.3,-,2.4,6.53,3,0.6,0.3,75%,0.7,1,-,1.1,1.4,3.6,0.6,0.5,0.9,1,-,-,0.3,44.8,86%,68%,5,57%,43%,75%,86%,68%,87%,92%,40%,60%,-,14%
1,6(10),0.3,-,0.3,6.21,-,-,-,-,-,0.1,-,0.8,0.5,0.7,0.5,0.3,0.1,-,1,-,0.3,19.3,87%,70%,1.9,-,-,-,87%,70%,88%,91%,50%,43%,-,-
4,16(2),0.7,2,0.6,6.46,-,0.4,0.1,-,0.4,0.9,-,1.8,0.6,0.8,0.1,-,1.6,-,1,2,0.7,50.9,85%,74%,5.5,13%,-,-,85%,74%,88%,93%,20%,61%,-,-
5,10(8),0.1,-,0.1,6.19,-,0.4,0.1,-,0.2,0.3,-,0.9,0.4,0.9,0.4,-,1.1,-,-,-,0.1,29.5,91%,76%,2.3,13%,-,-,91%,76%,93%,98%,-,81%,-,-
0,8(5),0.4,1,0.6,6.46,2,1.2,0.3,100%,0.7,1.3,0.5,0.5,-,0.2,-,-,1.1,-,-,1,0.4,15.9,85%,80%,1.5,27%,13%,100%,85%,80%,89%,100%,-,70%,-,-
3,11(4),0.4,1,0.8,6.38,-,0.2,0.1,-,0.6,1.4,-,1.4,1.3,1.9,0.5,0.2,1.5,2,-,1,0.4,45.2,88%,76%,4.5,33%,-,-,88%,76%,92%,92%,25%,62%,-,20%
4,8(6),0.8,2,0.4,6.44,-,1.1,0.3,-,0.7,0.8,-,0.8,0.4,0.3,0.1,-,0.7,-,2,2,0.8,26.8,81%,69%,2.8,25%,-,-,81%,69%,89%,86%,15%,51%,100%,-
0,3(10),0.1,-,0.4,6.37,1,1,0.5,-,0.8,0.5,0.3,0.9,0.2,0.2,0.1,-,0.2,-,-,-,0.1,12.7,76%,65%,1.7,46%,8%,-,76%,65%,82%,88%,-,33%,-,-
2,25(3),0.1,-,1.5,6.5,1,0.3,0.1,100%,0,0.3,-,1.3,1.1,4.8,0.8,0.4,0.8,-,-,-,0.1,40.5,91%,75%,4.4,50%,13%,100%,91%,75%,91%,93%,-,40%,-,-
1,0(3),0.3,-,0.3,6.2,-,-,-,-,0.3,0.7,0.3,1,-,0.3,-,-,1,-,-,-,0.3,16.7,88%,78%,0.7,-,-,-,88%,78%,91%,100%,-,75%,-,-
0,1,1,-,2,6.75,-,-,-,-,2,1,-,2,1,2,-,-,1,-,-,-,1,55,78%,56%,2,-,-,-,78%,56%,84%,100%,14%,33%,-,-
7,8(5),0.3,-,0.4,6.37,-,0.5,0.1,-,-,0.6,-,1.5,0.9,1.5,0.5,0.1,1.8,-,1,-,0.3,37,86%,71%,3.7,14%,-,-,86%,71%,90%,91%,40%,57%,-,-
2,3(4),-,-,0.3,6,-,0.3,-,-,0.1,0.1,-,0.1,0.3,0.6,-,-,1.1,-,-,-,-,15.7,89%,74%,0.4,-,-,-,89%,74%,92%,94%,-,50%,-,-
0,1(3),0.8,-,-,6.27,-,0.8,0.3,-,0.3,0.5,-,0.8,0.3,0.3,0.3,-,0.8,-,-,-,0.8,15.3,90%,95%,2,33%,-,-,90%,95%,92%,50%,100%,-,-,-
1,1(12),0.2,-,0.2,6.05,-,0.2,0.1,-,0.2,0.5,0.2,0.1,-,-,-,-,0.3,-,1,-,0.2,5.2,87%,78%,0.7,50%,-,-,87%,78%,93%,75%,50%,-,-,-
0,1(1),-,-,-,6.11,-,0.5,-,-,-,-,-,-,-,0.5,-,-,1,-,-,-,-,13,73%,57%,3,-,-,-,73%,57%,77%,83%,-,25%,-,-
1,18(2),0.3,1,2.2,6.41,1,0.5,0.2,-,0.1,0.2,-,1.1,1.1,3.5,0.9,0.4,1.2,1,1,1,0.3,40.2,85%,64%,2.8,33%,11%,-,85%,64%,85%,95%,40%,32%,-,20%
0,5(5),-,-,0.1,6.07,-,-,-,-,-,0.2,-,0.1,0.1,-,-,-,0.2,-,-,-,-,1.4,57%,50%,0.3,-,-,-,57%,50%,50%,100%,-,50%,-,-
0,0(3),-,-,-,5.97,-,-,-,-,-,-,-,-,-,-,-,-,-,-,-,-,-,1.3,75%,100%,-,-,-,-,75%,100%,67%,-,-,-,-,-
3,11(6),0.5,2,1.4,6.73,1,0.4,0.1,-,0.1,0.6,-,1.3,1.6,2.6,0.2,0.2,1.5,-,1,2,0.5,23.6,77%,64%,2.8,17%,17%,-,77%,64%,80%,89%,19%,50%,-,-
0,10(9),1.1,8,0.1,6.52,-,1.2,0.4,-,0.4,1.4,0.2,1.1,0.3,0.4,0.2,-,1.2,-,4,8,1.1,27.4,83%,77%,3.2,32%,-,-,83%,77%,84%,90%,24%,51%,100%,-
1,5(5),0.9,1,0.2,6.58,1,1.4,0.3,100%,1.9,0.6,0.2,0.4,0.2,0.1,-,-,0.3,-,2,1,0.9,21.3,76%,63%,3.1,21%,7%,100%,76%,63%,88%,78%,42%,50%,-,-
2,10(2),1.2,1,7.2,7.67,9,3.3,1.4,38%,0.2,0.8,0.1,0.3,0.1,0.9,-,-,0.8,-,2,1,1.2,22.9,63%,53%,1.9,44%,23%,38%,63%,53%,73%,86%,100%,44%,-,-
0,27(1),1.2,7,4.2,7.51,11,4.2,1.4,75%,1.6,2.6,0.7,1.1,0.4,1.1,0,-,1.2,1,3,7,1.2,34.9,74%,60%,4.7,33%,9%,75%,74%,60%,82%,91%,29%,67%,50%,2%
2,26,0.2,-,2,6.6,1,0.5,0.2,-,0.2,0.5,-,1.5,1.8,3.5,0.9,0.5,1.5,2,-,-,0.2,32.6,81%,41%,3.5,38%,8%,-,81%,41%,85%,93%,-,52%,-,22%
1,5,0.2,-,2.4,6.42,-,0.2,-,-,0.2,1.6,-,0.2,1.4,5,0.8,0.4,1,1,-,-,0.2,37.4,90%,64%,4.4,-,-,-,90%,64%,88%,98%,-,42%,-,50%
1,10(4),0.1,-,2.2,6.54,1,0.3,0.1,100%,0.4,0.1,-,1.1,0.9,2,0.4,0.3,1.6,-,-,-,0.1,20.8,76%,57%,2.4,50%,25%,100%,76%,57%,76%,92%,-,52%,-,-
2,24(1),3.2,8,0.2,7.14,2,0.9,0.3,50%,1.9,0.7,0.2,0.7,0.4,0.3,-,-,0.9,1,11,8,3.2,34,79%,66%,4,36%,9%,50%,79%,66%,87%,92%,39%,45%,25%,3%
1,7(3),1,-,0.3,6.42,-,0.6,-,-,0.2,1.5,0.1,1.7,0.3,0.2,0.1,-,1,-,1,-,1,26.6,85%,73%,4.4,-,-,-,85%,73%,91%,92%,31%,51%,-,-
8,23(1),0.4,-,1.2,6.52,1,0.3,0,100%,0.4,1,0,2,1.3,1.3,0.2,0.1,2.1,1,1,-,0.4,37,82%,68%,6.3,14%,14%,100%,82%,68%,84%,91%,22%,57%,-,3%
5,14(4),0.1,-,0.5,6.34,1,0.3,0.1,-,0.5,1,-,1.1,0.4,0.4,0.2,-,1.3,-,-,-,0.1,24.4,87%,69%,3.2,33%,17%,-,87%,69%,92%,95%,-,70%,-,-
2,19(1),0.2,1,2,6.47,-,0.5,0.1,-,0.1,0.6,-,1.5,0.7,3.7,1.1,0.5,0.6,-,-,1,0.2,35.3,79%,43%,3.6,22%,-,-,79%,43%,83%,91%,-,44%,-,-
2,15,0.4,-,0.6,6.26,-,0.1,0.1,-,0.3,0.5,-,1.2,1.1,2,0.6,0.1,0.9,-,-,-,0.4,29.4,76%,66%,2.4,50%,-,-,76%,66%,79%,87%,26%,43%,-,-
6,16(1),0.4,-,1,6.43,-,0.1,-,-,0.2,1.7,-,2,1.7,2.8,0.5,-,1.8,1,-,-,0.4,31,77%,56%,3.5,-,-,-,77%,56%,81%,86%,33%,41%,100%,17%
6,13(4),0.3,1,0.5,6.36,-,0.8,0.2,-,0.2,0.9,-,1.5,0.9,0.8,0.4,0.1,1.1,-,1,1,0.3,28.6,84%,69%,3.8,21%,-,-,84%,69%,88%,91%,43%,56%,-,-
8,21,0.6,-,1.6,6.54,1,0.2,0,-,0.1,0.9,0,2.2,0.8,2.8,0.6,0.2,1.7,1,-,-,0.6,41.7,78%,58%,6,20%,20%,-,78%,58%,82%,92%,30%,52%,-,13%
1,15(1),0.4,-,2.1,6.95,1,0.4,0.2,-,0.2,0.6,-,1.1,1.2,4.4,0.6,0.8,0.4,-,-,-,0.4,44.1,84%,60%,3.7,50%,17%,-,84%,60%,89%,94%,50%,38%,-,-
1,9(1),0.5,-,0.1,6.29,-,0.1,-,-,0.3,0.8,-,2,0.9,1.7,-,0.2,1.4,1,-,-,0.5,27.6,81%,68%,3.6,-,-,-,81%,68%,86%,86%,19%,61%,-,10%
1,3(2),0.6,-,0.4,5.98,-,-,-,-,0.2,0.4,0.2,0.6,-,1.6,-,0.6,0.4,-,-,-,0.6,21,73%,42%,4.2,-,-,-,73%,42%,80%,94%,50%,38%,-,-
0,2(12),0.2,1,1.4,6.17,-,0.6,0.1,-,0.1,0.5,0.2,0.3,0.1,0.5,0.1,0.1,0.5,-,-,1,0.2,6.4,61%,51%,1,22%,-,-,61%,51%,70%,75%,100%,100%,-,-
3,14(5),1.1,1,0.3,6.34,1,0.8,0.3,-,0.8,1.2,0.1,0.9,0.2,0.4,0.1,-,0.5,-,1,1,1.1,20.8,81%,76%,2.4,38%,6%,-,81%,76%,83%,95%,31%,57%,-,-
1,6(6),0.4,-,0.5,6.52,2,1,0.5,33%,0.3,0.3,-,0.8,0.4,1.3,-,-,0.6,-,-,-,0.4,17,68%,51%,1.8,50%,17%,33%,68%,51%,71%,89%,31%,15%,-,-
2,8,-,-,2.8,6.43,-,0.8,-,-,0.1,0.4,0.1,1.9,1.8,4.5,0.6,0.8,0.8,-,-,-,-,29,74%,43%,5.3,-,-,-,74%,43%,75%,86%,-,37%,-,-
1,6(1),1.1,1,0.4,6.95,-,0.1,0.1,-,1.3,1.1,-,0.9,1.9,3.1,0.7,-,1.7,-,1,1,1.1,22.7,62%,55%,4.4,100%,-,-,62%,55%,61%,83%,33%,30%,-,-
0,2(8),0.1,-,-,5.96,-,0.1,-,-,-,0.1,-,0.3,-,0.3,-,-,0.3,-,-,-,0.1,5.2,87%,71%,0.2,-,-,-,87%,71%,89%,89%,-,100%,-,-
1,1(7),-,-,0.6,6.03,-,-,-,-,-,0.4,0.1,0.3,-,0.4,-,-,0.3,-,-,-,-,6.3,74%,57%,0.6,-,-,-,74%,57%,83%,100%,-,50%,-,-
1,3,1,-,1,6.06,-,-,-,-,0.3,0.7,-,-,0.3,0.7,-,-,2.3,-,-,-,1,39.3,77%,56%,3.7,-,-,-,77%,56%,84%,88%,20%,38%,-,-
1,7(4),0.4,-,0.5,6.43,1,0.6,0.3,-,0.5,1.1,0.1,1,0.7,0.4,0.3,0.2,0.7,-,-,-,0.4,15.4,82%,62%,2.7,43%,14%,-,82%,62%,89%,87%,14%,46%,-,-
0,9(2),1.3,1,0.3,6.68,1,2.7,1.3,-,0.7,1.5,0.4,0.5,0.5,0.5,-,-,0.5,1,1,1,1.3,24.5,73%,64%,2.9,47%,3%,-,73%,64%,79%,87%,22%,34%,-,10%
0,14,0.4,-,4,6.83,2,0.4,0.2,100%,0.2,0.7,-,0.9,0.9,5.1,0.4,0.3,0.4,-,-,-,0.4,27.8,78%,55%,3.1,60%,40%,100%,78%,55%,78%,91%,-,43%,-,-
5,26(2),0.4,3,1.4,6.59,-,0.1,0,-,0.1,0.5,0.1,1.8,1.5,3.1,0.5,0.2,1,2,1,3,0.4,34.8,75%,55%,4,33%,-,-,75%,55%,78%,86%,19%,44%,-,13%
1,2(6),0.3,-,-,6.14,-,0.4,0.1,-,-,1.4,0.1,0.8,-,-,-,-,0.6,-,-,-,0.3,6.9,80%,72%,1.3,33%,-,-,80%,72%,86%,78%,-,100%,-,-
4,20(9),0.6,5,3.1,6.75,8,1.7,0.8,42%,0.2,1.6,0.2,0.6,0.1,0.9,0,-,1.2,-,3,5,0.6,20,70%,56%,1.8,46%,16%,42%,70%,56%,78%,92%,-,57%,100%,-
0,9(9),0.5,1,0.6,6.41,2,0.5,0.2,-,0.3,0.8,0.1,1.3,0.7,0.4,-,-,0.7,-,1,1,0.5,17.1,75%,61%,2.7,33%,22%,-,75%,61%,80%,94%,21%,30%,-,-
3,15(1),0.6,1,1.1,6.57,-,0.4,-,-,1.1,0.7,0.1,1.4,1.3,2.6,0.3,0.1,0.8,-,1,1,0.6,37.5,76%,64%,4.9,-,-,-,76%,64%,78%,85%,31%,39%,-,-
1,2(1),0.3,-,-,6.26,-,-,-,-,0.3,0.7,-,1.7,0.7,0.7,-,-,0.3,-,-,-,0.3,25.3,89%,91%,4,-,-,-,89%,91%,86%,100%,-,33%,-,-
0,2(3),0.2,-,0.2,6.39,-,-,-,-,1.2,-,-,1.2,0.2,0.2,-,0.2,1,-,-,-,0.2,17.4,82%,61%,3,-,-,-,82%,61%,89%,80%,67%,67%,-,-
0,3(2),0.4,-,1,6.05,-,-,-,-,0.4,0.4,-,0.8,0.4,1,-,0.6,1,-,-,-,0.4,15.8,66%,47%,1.8,-,-,-,66%,47%,74%,62%,50%,20%,-,-
1,2(1),-,-,1,6.21,-,0.3,-,-,-,-,-,1.3,0.3,4,-,0.3,0.3,-,-,-,-,21.7,82%,60%,3,-,-,-,82%,60%,83%,86%,-,29%,-,-
0,1(4),1,-,0.2,6.22,-,0.8,0.2,-,0.4,0.4,-,0.2,0.2,-,-,-,1,-,-,-,1,12.2,89%,86%,1.4,25%,-,-,89%,86%,90%,100%,-,100%,-,-
3,3(8),0.5,1,0.3,6.35,-,0.4,-,-,0.8,1.6,-,0.7,0.5,0.2,-,-,0.5,1,-,1,0.5,12.5,82%,74%,2.9,-,-,-,82%,74%,84%,92%,36%,70%,100%,11%
0,1,1,-,-,6.76,-,2,1,-,1,1,-,2,3,1,-,-,-,-,-,-,1,43,86%,80%,6,50%,-,-,86%,80%,84%,100%,-,25%,-,-
1,10(5),0.5,-,2.3,6.8,8,2.8,1,50%,0.9,0.9,0.9,0.7,-,0.3,0.2,-,2,-,-,-,0.5,13.7,70%,57%,1.6,36%,19%,50%,70%,57%,84%,88%,33%,67%,-,-
1,26(1),2.4,5,1.3,6.9,4,1.4,0.4,-,0.6,1,-,1,1.1,1.3,0.1,-,0.7,-,3,5,2.4,45.5,81%,71%,5.3,27%,11%,-,81%,71%,88%,90%,34%,55%,100%,-
2,20(5),1.1,5,2.6,6.78,5,3.2,1.1,18%,1.1,2.3,0.2,0.6,0.1,0.4,-,-,1.6,1,5,5,1.1,18.5,67%,58%,1.6,34%,6%,18%,67%,58%,76%,83%,5%,50%,100%,2%
4,20(8),0.6,2,0.7,6.61,1,1.5,0.3,-,1,2,-,1.6,0.6,0.4,0,-,0.8,1,1,2,0.6,24.6,79%,66%,4.6,16%,2%,-,79%,66%,88%,88%,14%,57%,-,4%
0,8(9),1,8,1.1,6.76,1,1.3,0.3,50%,0.9,1.7,0.2,0.6,0.2,0.5,0.1,-,0.7,-,4,8,1,15.8,71%,66%,1.6,23%,5%,50%,71%,66%,77%,75%,20%,38%,50%,-
6,20(1),0.2,-,1.1,6.63,-,0.3,-,-,0.2,0.4,-,1.8,1.1,3.8,0.7,0.5,0.9,-,2,-,0.2,34.6,86%,63%,4.4,-,-,-,86%,63%,89%,93%,50%,58%,-,-
6,22(5),0.9,2,1,6.59,2,1,0.3,50%,0.9,1.6,0.1,1.3,0.8,0.8,0.1,0.1,1.6,-,1,2,0.9,27.9,82%,69%,3.6,25%,7%,50%,82%,69%,86%,90%,23%,30%,-,-
0,2(2),0.8,-,0.8,6.28,-,1,0.3,-,0.8,1,-,0.3,0.5,-,-,-,0.8,-,-,-,0.8,30.5,86%,72%,2.8,25%,-,-,86%,72%,91%,100%,25%,50%,-,-
1,12,0.5,-,0.8,6.26,-,0.3,-,-,0.8,0.9,-,2.9,0.7,1.8,0.2,0.5,2.3,1,-,-,0.5,23.8,68%,55%,4.1,-,-,-,68%,55%,73%,70%,13%,40%,-,11%
0,2(2),0.3,-,3.3,6.08,-,-,-,-,-,0.3,-,-,0.8,1.8,-,0.3,0.3,-,-,-,0.3,23.5,62%,35%,1.5,-,-,-,62%,35%,75%,92%,-,26%,-,-
2,13(6),0.8,-,0.6,6.53,2,1,0.2,33%,1.2,1.2,-,1.4,0.4,0.2,0.1,-,1.2,1,-,-,0.8,25.3,83%,70%,4.4,21%,11%,33%,83%,70%,89%,92%,30%,60%,-,3%
8,24,0.2,-,1.1,6.29,1,0.8,0.2,-,0.2,0.2,-,1.5,0.9,0.8,0.2,-,1.8,-,-,-,0.2,31.5,79%,64%,4.5,28%,6%,-,79%,64%,83%,86%,-,58%,-,-
3,24(6),0.7,3,0.8,6.38,1,1.9,0.5,50%,0.2,1.3,0.1,1.1,0.5,0.5,0.2,0,1.4,-,3,3,0.7,23.1,74%,59%,3.6,25%,2%,50%,74%,59%,83%,84%,13%,36%,50%,-
0,4(10),0.4,1,0.4,6.08,-,0.3,-,-,-,0.2,0.1,0.4,-,0.1,-,0.1,0.4,-,1,1,0.4,5.7,80%,82%,1,-,-,-,80%,82%,75%,100%,33%,75%,-,-
2,13(4),1,4,0.3,6.44,-,0.5,0.1,-,0.5,0.4,0.1,2.1,0.6,0.9,0.1,0.1,0.8,-,1,4,1,20.8,77%,64%,3.1,13%,-,-,77%,64%,84%,77%,24%,43%,-,-
3,16,0.6,-,1.9,6.66,1,0.4,0.1,50%,0.9,1.1,0.2,1.7,1.2,1.9,0.1,0.1,1.3,-,1,-,0.6,29.2,71%,57%,3.6,17%,17%,50%,71%,57%,75%,83%,25%,32%,-,-
0,1(3),0.8,-,-,6.65,2,1.3,0.8,-,0.8,0.5,-,0.3,-,0.3,-,-,0.8,-,-,-,0.8,17.3,90%,83%,2.5,60%,40%,-,90%,83%,94%,100%,50%,75%,-,-
4,21(1),1.2,1,0.9,6.43,-,0.2,-,-,0.6,1.2,-,1.2,0.8,1.9,0.3,0.2,1,-,2,1,1.2,38.6,78%,71%,4.7,-,-,-,78%,71%,78%,88%,25%,43%,-,-
2,4(10),0.1,-,0.3,6.05,-,0.1,-,-,-,0.1,-,0.9,0.4,0.8,0.1,0.1,0.6,1,-,-,0.1,11.6,75%,60%,1.5,-,-,-,75%,60%,75%,96%,-,41%,-,50%
0,6(2),0.3,2,0.3,6.3,-,0.4,0.3,-,-,0.3,-,0.9,0.4,0.1,-,-,0.5,-,1,2,0.3,6.9,71%,54%,0.5,67%,-,-,71%,54%,82%,89%,100%,57%,-,-
9,18(2),0.1,-,1.8,6.11,1,0.3,0.1,-,0.1,0.5,-,0.7,0.8,2.8,0.4,0.6,1.3,1,-,-,0.1,28,80%,29%,3.7,33%,17%,-,80%,29%,85%,89%,-,42%,-,14%
1,3(3),1.3,-,0.5,6.35,-,1.3,-,-,0.2,1.3,-,1.5,0.3,0.5,-,-,1.8,-,-,-,1.3,14,81%,75%,2.5,-,-,-,81%,75%,83%,100%,13%,50%,-,-
0,2(7),0.2,-,0.2,6.11,-,0.1,-,-,-,-,-,0.4,0.1,0.1,-,-,0.3,-,-,-,0.2,5.9,77%,60%,0.6,-,-,-,77%,60%,86%,91%,50%,33%,-,-
0,1(4),0.2,-,0.2,6.03,-,0.4,-,-,0.2,1.2,-,0.4,-,0.2,-,-,0.4,-,-,-,0.2,8.6,79%,65%,1.8,-,-,-,79%,65%,86%,100%,9%,-,-,-
0,0(1),1,-,-,6.61,-,-,-,-,-,1,-,2,1,-,1,1,-,-,-,-,1,12,75%,40%,-,-,-,-,75%,40%,100%,100%,100%,50%,-,-
2,7(5),0.5,1,-,6.41,1,1.3,0.5,50%,2.4,1.8,0.7,0.7,0.3,0.1,0.1,-,1.8,1,1,1,0.5,11.5,74%,63%,2.3,40%,7%,50%,74%,63%,90%,89%,40%,25%,-,6%
5,18(7),0.9,4,0.3,6.37,-,0.9,0.2,-,0.7,1.1,0.2,1.3,0.6,0.2,-,0,1.6,-,5,4,0.9,20.8,74%,63%,3.8,27%,-,-,74%,63%,82%,80%,13%,59%,50%,-
1,10(1),1,-,1,6.56,1,0.6,0.2,-,1.3,1.3,-,1.6,0.8,1.9,0.4,-,1,-,-,-,1,32.7,73%,61%,6.4,29%,14%,-,73%,61%,75%,91%,16%,51%,-,-
3,11(7),0.3,-,0.4,5.96,-,0.1,-,-,0.1,0.4,-,0.9,1,1.5,0.3,0.1,1.2,1,-,-,0.3,20,71%,56%,3.2,-,-,-,71%,56%,74%,80%,26%,28%,-,11%
5,15(7),0.6,1,0.5,6.25,-,0.3,0,-,0.1,0.8,0.1,1.2,0.9,0.9,0.3,-,1,1,-,1,0.6,22,79%,67%,2.5,17%,-,-,79%,67%,83%,80%,40%,47%,-,7%
5,17(7),0.5,2,0.4,6.31,-,0.1,0,-,0.7,0.9,0.1,1.8,1,1,0.1,0.1,1.3,-,-,2,0.5,19.2,71%,66%,4.7,33%,-,-,71%,66%,71%,76%,13%,38%,-,-
4,12(3),0.3,1,0.5,6.17,-,0.1,-,-,0.2,0.9,0.1,1.1,1.1,2.7,0.4,0.3,1.9,-,-,1,0.3,22.7,70%,52%,2.8,-,-,-,70%,52%,73%,86%,27%,46%,-,-
1,1(4),0.2,-,0.4,5.86,-,0.2,-,-,0.2,0.6,-,0.2,0.2,-,-,-,0.6,-,-,-,0.2,10.2,69%,59%,1.8,-,-,-,69%,59%,70%,86%,33%,50%,-,-
0,4(4),0.3,1,0.4,6.21,1,1,0.3,-,0.1,0.3,-,1.1,0.9,2,-,0.9,1,-,-,1,0.3,21.6,77%,59%,3.5,25%,13%,-,77%,59%,72%,94%,33%,53%,-,-
1,17,0.1,-,1.5,6.21,-,0.4,0.1,-,0.1,0.4,-,0.6,0.8,4.1,1.1,0.3,0.6,-,-,-,0.1,24.5,83%,67%,2.5,17%,-,-,83%,67%,82%,92%,-,55%,-,-
0,2(6),0.4,2,0.5,6.15,-,0.8,0.4,-,0.5,0.5,-,0.1,-,0.5,-,-,0.9,-,-,2,0.4,11.5,75%,56%,1.5,50%,-,-,75%,56%,80%,93%,18%,25%,-,-
0,1(3),-,-,0.3,5.96,-,-,-,-,-,-,-,0.3,-,0.3,-,-,1,-,-,-,-,3.8,60%,33%,0.8,-,-,-,60%,33%,63%,75%,-,-,-,-
0,2(4),-,-,0.5,5.78,-,0.3,-,-,-,0.2,-,-,0.7,1.3,0.5,0.2,0.5,2,-,-,-,13,78%,56%,2.2,-,-,-,78%,56%,75%,100%,-,45%,-,50%
1,0(4),-,-,0.3,6.01,-,-,-,-,-,0.3,-,0.3,0.3,-,0.3,-,0.3,-,-,-,-,6.8,74%,80%,0.5,-,-,-,74%,80%,71%,80%,-,-,-,-
